compound_id,standardized_inchikey,canonical_smiles,normalized_label
CMP:AAOVKJBEBIDNHE-UHFFFAOYSA-N,AAOVKJBEBIDNHE-UHFFFAOYSA-N,CN1C(=O)CN=C(c2ccccc2)c2cc(Cl)ccc21,0
CMP:ACGUYXCXAPNIKK-UHFFFAOYSA-N,ACGUYXCXAPNIKK-UHFFFAOYSA-N,Oc1c(Cl)cc(Cl)c(Cl)c1Cc1c(O)c(Cl)cc(Cl)c1Cl,0
CMP:AFLXUQUGROGEFA-UHFFFAOYSA-N,AFLXUQUGROGEFA-UHFFFAOYSA-N,C[N+]([O-])(CCCl)CCCl,1
CMP:AFZSMODLJJCVPP-UHFFFAOYSA-N,AFZSMODLJJCVPP-UHFFFAOYSA-N,c1ccc2sc(SSc3nc4ccccc4s3)nc2c1,0
CMP:AGRCPNMCOXLKFO-BDVNFPICSA-N,AGRCPNMCOXLKFO-BDVNFPICSA-N,CN(N=O)C(=O)N[C@@H](C=O)[C@@H](O)[C@H](O)[C@H](O)CO,1
CMP:AIFRHYZBTHREPW-UHFFFAOYSA-N,AIFRHYZBTHREPW-UHFFFAOYSA-N,c1ccc2c(c1)[nH]c1cnccc12,0
CMP:AIPSXDXZFKITIG-JNQJZLCISA-N,AIPSXDXZFKITIG-JNQJZLCISA-N,CC1(C)O[C@@H]2C[C@H]3[C@@H]4CC=C5CC(=O)C=C[C@]5(C)[C@@]4(F)[C@@H](O)C[C@]3(C)[C@]2(C(=O)CO)O1,1
CMP:AJDIZQLSFPQPEY-UHFFFAOYSA-N,AJDIZQLSFPQPEY-UHFFFAOYSA-N,FC(F)(Cl)C(F)(Cl)Cl,0
CMP:AKRYBBWYDSDZHG-UHFFFAOYSA-N,AKRYBBWYDSDZHG-UHFFFAOYSA-N,CC(=O)CN(CC(C)=O)N=O,1
CMP:AKZHPJMVGQRYGX-UHFFFAOYSA-N,AKZHPJMVGQRYGX-UHFFFAOYSA-N,NNc1nc(-c2ccc(N)cc2)cs1,1
CMP:ALCSGJCIESECFD-UHFFFAOYSA-N,ALCSGJCIESECFD-UHFFFAOYSA-N,N=C(N=c1ccn(CCCCC(N)=O)[nH]1)NCC(F)(F)F,1
CMP:ALRLPDGCPYIVHP-UHFFFAOYSA-N,ALRLPDGCPYIVHP-UHFFFAOYSA-N,O=[N+]([O-])c1ccc2ccc3cccc4ccc1c2c34,1
CMP:AMIMRNSIRUDHCM-UHFFFAOYSA-N,AMIMRNSIRUDHCM-UHFFFAOYSA-N,CC(C)C=O,0
CMP:AMTPYFGPPVFBBI-UHFFFAOYSA-N,AMTPYFGPPVFBBI-UHFFFAOYSA-N,CC(=O)Nc1ccc(S(=O)(=O)c2ccc(NC(C)=O)cc2)cc1,1
CMP:AMTRFSFECFPSHF-UHFFFAOYSA-N,AMTRFSFECFPSHF-UHFFFAOYSA-N,CN(N=O)c1ccc([N+](=O)[O-])cc1,0
CMP:ANASRAPCLNYZFM-UHFFFAOYSA-N,ANASRAPCLNYZFM-UHFFFAOYSA-N,C=CCN(CCO)N=O,1
CMP:APNSGVMLAYLYCT-UHFFFAOYSA-N,APNSGVMLAYLYCT-UHFFFAOYSA-N,CC(C)CON=O,1
CMP:AQIXAKUUQRKLND-UHFFFAOYSA-N,AQIXAKUUQRKLND-UHFFFAOYSA-N,CN=C(NC#N)NCCSCc1[nH]cnc1C,0
CMP:ARHWPKZXBHOEEE-UHFFFAOYSA-N,ARHWPKZXBHOEEE-UHFFFAOYSA-N,C=CCOc1ccc(CC(=O)O)cc1Cl,0
CMP:ARSRBNBHOADGJU-UHFFFAOYSA-N,ARSRBNBHOADGJU-UHFFFAOYSA-N,Cc1c2ccccc2c(C)c2c1ccc1ccccc12,1
CMP:ARZWATDYIYAUTA-UHFFFAOYSA-N,ARZWATDYIYAUTA-UHFFFAOYSA-N,Cn1c(N)nc2c3cccnc3ccc21,1
CMP:ASWVTGNCAZCNNR-UHFFFAOYSA-N,ASWVTGNCAZCNNR-UHFFFAOYSA-N,Cc1cc(C)nc(NS(=O)(=O)c2ccc(N)cc2)n1,1
CMP:ATFARZXNCCWOKJ-UHFFFAOYSA-N,ATFARZXNCCWOKJ-UHFFFAOYSA-N,Nc1ccc(N=Nc2ccc(-c3ccc(N=Nc4c(S(=O)(=O)O)cc5cc(S(=O)(=O)O)c(N=Nc6ccccc6)c(O)c5c4N)cc3)cc2)c(N)c1,1
CMP:AUZONCFQVSMFAP-UHFFFAOYSA-N,AUZONCFQVSMFAP-UHFFFAOYSA-N,CCN(CC)C(=S)SSC(=S)N(CC)CC,0
CMP:AVESHLVLHJKUKQ-UHFFFAOYSA-N,AVESHLVLHJKUKQ-UHFFFAOYSA-N,CN(CCc1ccccc1)N=O,1
CMP:AVUYXHYHTTVPRX-UHFFFAOYSA-N,AVUYXHYHTTVPRX-UHFFFAOYSA-N,CC1CN1P(=O)(N1CC1C)N1CC1C,1
CMP:AWMVMTVKBNGEAK-UHFFFAOYSA-N,AWMVMTVKBNGEAK-UHFFFAOYSA-N,c1ccc(C2CO2)cc1,1
CMP:AWYFNIZYMPNGAI-UHFFFAOYSA-N,AWYFNIZYMPNGAI-UHFFFAOYSA-N,S=C(S)NCCNC(=S)S,0
CMP:AYLURHVFAYRSHT-UHFFFAOYSA-N,AYLURHVFAYRSHT-UHFFFAOYSA-N,Cc1cccn2c1nc1ccc(N)nc12,1
CMP:AZQWKYJCGOJGHM-UHFFFAOYSA-N,AZQWKYJCGOJGHM-UHFFFAOYSA-N,O=C1C=CC(=O)C=C1,1
CMP:BABMCXWQNSQAOC-UHFFFAOYSA-M,BABMCXWQNSQAOC-UHFFFAOYSA-M,C[Hg]Cl,0
CMP:BAQAVOSOZGMPRM-QBMZZYIRSA-N,BAQAVOSOZGMPRM-QBMZZYIRSA-N,OC[C@H]1O[C@H](O[C@]2(CCl)O[C@H](CCl)[C@@H](O)[C@@H]2O)[C@H](O)[C@@H](O)[C@H]1Cl,0
CMP:BATOPAZDIZEVQF-UHFFFAOYSA-N,BATOPAZDIZEVQF-UHFFFAOYSA-N,CC=CC=CC=O,1
CMP:BBABSCYTNHOKOG-UHFFFAOYSA-N,BBABSCYTNHOKOG-UHFFFAOYSA-N,COc1c(Cl)c(Cl)c(Cl)c(Cl)c1Cl,0
CMP:BBDAGFIXKZCXAH-PJNBIRNISA-N,BBDAGFIXKZCXAH-PJNBIRNISA-N,[H]/N=c1\ccn2c(n1)O[C@H]1[C@H](O)[C@@H](CO)O[C@H]12,0
CMP:BBDKZWKEPDTENS-UHFFFAOYSA-N,BBDKZWKEPDTENS-UHFFFAOYSA-N,C=CC1CC=CCC1,1
CMP:BBFQZRXNYIEMAW-UHFFFAOYSA-N,BBFQZRXNYIEMAW-UHFFFAOYSA-N,COc1cccc2c1cc([N+](=O)[O-])c1c(C(=O)O)cc3c(c12)OCO3,1
CMP:BBPLSOGERZQYQC-UHFFFAOYSA-N,BBPLSOGERZQYQC-UHFFFAOYSA-N,CC(C)CCCCCOC(=O)COc1ccc(Cl)cc1Cl,0
CMP:BCJMNZRQJAVDLD-CQRYIUNCSA-N,BCJMNZRQJAVDLD-CQRYIUNCSA-N,C/C=C1/C[C@@H](C)[C@](O)(CO)C(=O)OCC2=CCN3CC[C@@H](OC1=O)[C@@H]23,1
CMP:BDERNNFJNOPAEC-UHFFFAOYSA-N,BDERNNFJNOPAEC-UHFFFAOYSA-N,CCCO,0
CMP:BEJNERDRQOWKJM-UHFFFAOYSA-N,BEJNERDRQOWKJM-UHFFFAOYSA-N,O=c1cc(CO)occ1O,1
CMP:BETVNUCOOCCCIO-UHFFFAOYSA-N,BETVNUCOOCCCIO-UHFFFAOYSA-N,COP(=S)(OC)SCCNC(C)=O,0
CMP:BFKJFAAPBSQJPD-UHFFFAOYSA-N,BFKJFAAPBSQJPD-UHFFFAOYSA-N,FC(F)=C(F)F,1
CMP:BFPYWIDHMRZLRN-SLHNCBLASA-N,BFPYWIDHMRZLRN-SLHNCBLASA-N,C#C[C@]1(O)CC[C@H]2[C@@H]3CCc4cc(O)ccc4[C@H]3CC[C@@]21C,1
CMP:BGPPUXMKKQMWLV-UHFFFAOYSA-N,BGPPUXMKKQMWLV-UHFFFAOYSA-N,COc1c(Cl)c(Cl)c([N+](=O)[O-])c(Cl)c1Cl,0
CMP:BGRDGMRNKXEXQD-UHFFFAOYSA-N,BGRDGMRNKXEXQD-UHFFFAOYSA-N,O=c1ccc(=O)[nH][nH]1,0
CMP:BIWJNBZANLAXMG-UHFFFAOYSA-N,BIWJNBZANLAXMG-UHFFFAOYSA-N,ClC1=C(Cl)C2(Cl)C3C(Cl)C(Cl)CC3C1(Cl)C2(Cl)Cl,1
CMP:BIXZHMJUSMUDOQ-UHFFFAOYSA-N,BIXZHMJUSMUDOQ-UHFFFAOYSA-N,Nc1c(Cl)cc([N+](=O)[O-])cc1Cl,0
CMP:BJUPUKIYTMVLCW-ONNFQVAWSA-N,BJUPUKIYTMVLCW-ONNFQVAWSA-N,CC1CN(/N=C/c2ccc([N+](=O)[O-])o2)C(=O)N1,1
CMP:BOSMZFBHAYFUBJ-UHFFFAOYSA-N,BOSMZFBHAYFUBJ-UHFFFAOYSA-N,Cc1ccc(OP(=O)(Oc2ccc(C)cc2)Oc2ccc(C)cc2)cc1,0
CMP:BOUGCJDAQLKBQH-UHFFFAOYSA-N,BOUGCJDAQLKBQH-UHFFFAOYSA-N,FC(Cl)C(F)(F)F,0
CMP:BPLBGHOLXOTWMN-MBNYWOFBSA-N,BPLBGHOLXOTWMN-MBNYWOFBSA-N,CC1(C)S[C@@H]2[C@H](NC(=O)COc3ccccc3)C(=O)N2[C@H]1C(=O)O,0
CMP:BQQUFAMSJAKLNB-UHFFFAOYSA-N,BQQUFAMSJAKLNB-UHFFFAOYSA-N,C1C2OC2C2C1C1CC2C2OC12,0
CMP:BRWIZMBXBAOCCF-UHFFFAOYSA-N,BRWIZMBXBAOCCF-UHFFFAOYSA-N,NNC(N)=S,0
CMP:BSYNRYMUTXBXSQ-UHFFFAOYSA-N,BSYNRYMUTXBXSQ-UHFFFAOYSA-N,CC(=O)Oc1ccccc1C(=O)O,0
CMP:BUMHFBGBXFTGJZ-UHFFFAOYSA-N,BUMHFBGBXFTGJZ-UHFFFAOYSA-N,CC(=O)CN(N=O)C(N)=O,1
CMP:BUXVIXBGMQXWGT-UHFFFAOYSA-N,BUXVIXBGMQXWGT-UHFFFAOYSA-N,Nc1ccc2nc3ccccn3c2n1,1
CMP:BXFOFFBJRFZBQZ-QYWOHJEZSA-N,BXFOFFBJRFZBQZ-QYWOHJEZSA-N,CC(=O)OC[C@]12C[C@H](OC(=O)CC(C)C)C(C)=C[C@H]1O[C@@H]1[C@H](O)[C@@H](OC(C)=O)[C@@]2(C)[C@]12CO2,1
CMP:BXIVHTWXKYBJEM-UHFFFAOYSA-N,BXIVHTWXKYBJEM-UHFFFAOYSA-N,ClCOCc1ccc(COCCl)cc1,1
CMP:BXIXXXYDDJVHDL-UHFFFAOYSA-N,BXIXXXYDDJVHDL-UHFFFAOYSA-N,Nc1ccc(Cl)cc1N,1
CMP:BXNANOICGRISHX-UHFFFAOYSA-N,BXNANOICGRISHX-UHFFFAOYSA-N,CCOP(=S)(OCC)Oc1ccc2c(C)c(Cl)c(=O)oc2c1,0
CMP:BYKYTXUAKJDVPV-UHFFFAOYSA-N,BYKYTXUAKJDVPV-UHFFFAOYSA-N,CCCCCCCCCCCCCCCC(=O)CC(=O)CCCCCCCCCCCCCCC,0
CMP:BYMPKULJRANZCQ-UHFFFAOYSA-N,BYMPKULJRANZCQ-UHFFFAOYSA-N,O=C(C(O)CO)C(O)C(O)COC1OC(COC2OC(CO)C(O)C(O)C2O)C(O)C(O)C1O,0
CMP:BZLVMXJERCGZMT-UHFFFAOYSA-N,BZLVMXJERCGZMT-UHFFFAOYSA-N,COC(C)(C)C,1
CMP:CAUBWLYZCDDYEF-UHFFFAOYSA-N,CAUBWLYZCDDYEF-UHFFFAOYSA-N,CCOC(=O)N(C)N=O,1
CMP:CBCKQZAAMUWICA-UHFFFAOYSA-N,CBCKQZAAMUWICA-UHFFFAOYSA-N,Nc1ccc(N)cc1,0
CMP:CBPKIOGAUWKEFT-UHFFFAOYSA-N,CBPKIOGAUWKEFT-UHFFFAOYSA-N,O=P(O)(OCC(Br)CBr)OCC(Br)CBr,1
CMP:CCTMZRHJDTTZRF-UHFFFAOYSA-N,CCTMZRHJDTTZRF-UHFFFAOYSA-N,CCCCCCCCCCCCCCN(C)N=O,1
CMP:CDCHDCWJMGXXRH-UHFFFAOYSA-N,CDCHDCWJMGXXRH-UHFFFAOYSA-N,Clc1ccc2c(c1)C(c1ccccc1)=NCc1nncn1-2,0
CMP:CEHDRGBLVBQUPH-UHFFFAOYSA-N,CEHDRGBLVBQUPH-UHFFFAOYSA-N,CC=C(c1ccc(O)cc1)C(CC)c1ccc(O)cc1,1
CMP:CFBYEGUGFPZCNF-UHFFFAOYSA-N,CFBYEGUGFPZCNF-UHFFFAOYSA-N,COc1ccccc1[N+](=O)[O-],1
CMP:CFXQEHVMCRXUSD-UHFFFAOYSA-N,CFXQEHVMCRXUSD-UHFFFAOYSA-N,ClCC(Cl)CCl,1
CMP:CGIGDMFJXJATDK-UHFFFAOYSA-N,CGIGDMFJXJATDK-UHFFFAOYSA-N,COc1ccc2c(c1)c(CC(=O)O)c(C)n2C(=O)c1ccc(Cl)cc1,1
CMP:CHERCCPWQNZOOH-UHFFFAOYSA-N,CHERCCPWQNZOOH-UHFFFAOYSA-N,O=C1CC(=O)c2c(c(O)c3ccccc3c2O)C1=O,1
CMP:CHSYXJNUOMUPOG-GRMWVWQJSA-N,CHSYXJNUOMUPOG-GRMWVWQJSA-N,CC(=O)OCC(=O)[C@@]12N=C(C)O[C@@H]1C[C@H]1[C@@H]3CC=C4CC(=O)C=C[C@]4(C)[C@H]3[C@@H](O)C[C@@]12C,1
CMP:CHUGKEQJSLOLHL-UHFFFAOYSA-N,CHUGKEQJSLOLHL-UHFFFAOYSA-N,OCC(CO)(CBr)CBr,1
CMP:CJJOSEISRRTUQB-UHFFFAOYSA-N,CJJOSEISRRTUQB-UHFFFAOYSA-N,COP(=S)(OC)SCn1nnc2ccccc2c1=O,0
CMP:CJTZDYDOPZRFTF-UHFFFAOYSA-N,CJTZDYDOPZRFTF-UHFFFAOYSA-N,CCCCCCCCCCC(C)c1ccc(S(=O)(=O)O)cc1,0
CMP:CKAPSXZOOQJIBF-UHFFFAOYSA-N,CKAPSXZOOQJIBF-UHFFFAOYSA-N,Clc1c(Cl)c(Cl)c(Cl)c(Cl)c1Cl,1
CMP:CKLJMWTZIZZHCS-REOHCLBHSA-N,CKLJMWTZIZZHCS-REOHCLBHSA-N,N[C@@H](CC(=O)O)C(=O)O,0
CMP:CKNAQFVBEHDJQV-UHFFFAOYSA-N,CKNAQFVBEHDJQV-UHFFFAOYSA-N,Cc1c(-c2cnccn2)ssc1=S,0
CMP:CKOMXBHMKXXTNW-UHFFFAOYSA-N,CKOMXBHMKXXTNW-UHFFFAOYSA-N,CNc1ncnc2[nH]cnc12,0
CMP:CLJAWWBXVXWHFD-UHFFFAOYSA-N,CLJAWWBXVXWHFD-UHFFFAOYSA-N,COC(=O)C(C)(C)Oc1ccc(-c2ccc(Cl)cc2)cc1,1
CMP:CMSMOCZEIVJLDB-UHFFFAOYSA-N,CMSMOCZEIVJLDB-UHFFFAOYSA-N,O=P1(N(CCCl)CCCl)NCCCO1,1
CMP:CNWSQCLBDWYLAN-UHFFFAOYSA-N,CNWSQCLBDWYLAN-UHFFFAOYSA-N,CCCCNC(N)=O,0
CMP:CPTBDICYNRMXFX-UHFFFAOYSA-N,CPTBDICYNRMXFX-UHFFFAOYSA-N,CNNCc1ccc(C(=O)NC(C)C)cc1,1
CMP:CPTIBDHUFVHUJK-NZYDNVMFSA-N,CPTIBDHUFVHUJK-NZYDNVMFSA-N,CCNNC(=O)[C@@H]1[C@H](c2cc(OC)c(OC)c(OC)c2)c2cc3c(cc2[C@H](O)[C@H]1CO)OCO3,0
CMP:CTKINSOISVBQLD-UHFFFAOYSA-N,CTKINSOISVBQLD-UHFFFAOYSA-N,OCC1CO1,1
CMP:CTRXDTYTAAKVSM-UHFFFAOYSA-N,CTRXDTYTAAKVSM-UHFFFAOYSA-N,CCN(Cc1cccc(S(=O)(=O)O)c1)c1ccc(C(=C2C=CC(=[N+](CC)Cc3cccc(S(=O)(=O)O)c3)C=C2)c2ccccc2S(=O)(=O)[O-])cc1,0
CMP:CUARLQDWYSRQDF-UHFFFAOYSA-N,CUARLQDWYSRQDF-UHFFFAOYSA-N,O=[N+]([O-])c1ccc2c3c(cccc13)CC2,1
CMP:CVBMAZKKCSYWQR-WCGOZPBSSA-N,CVBMAZKKCSYWQR-WCGOZPBSSA-N,COC(=O)[C@H]1[C@H]2C[C@@H]3c4[nH]c5ccccc5c4CCN3C[C@H]2C[C@@H](OC(=O)c2cc(OC)c(OC)c(OC)c2)[C@@H]1OC,0
CMP:CVHZOJJKTDOEJC-UHFFFAOYSA-N,CVHZOJJKTDOEJC-UHFFFAOYSA-N,O=C1NS(=O)(=O)c2ccccc21,0
CMP:CVTIZMOISGMZRJ-UHFFFAOYSA-N,CVTIZMOISGMZRJ-UHFFFAOYSA-N,O=NN1CCNCC1,1
CMP:CWPDWGWHFVCTQM-UHFFFAOYSA-N,CWPDWGWHFVCTQM-UHFFFAOYSA-N,CC1CN(N=O)C(=O)O1,1
CMP:CXOFVDLJLONNDW-UHFFFAOYSA-N,CXOFVDLJLONNDW-UHFFFAOYSA-N,O=C1NC(=O)C(c2ccccc2)(c2ccccc2)N1,0
CMP:CYTYCFOTNPOANT-UHFFFAOYSA-N,CYTYCFOTNPOANT-UHFFFAOYSA-N,ClC(Cl)=C(Cl)Cl,1
CMP:CYUUEOAQIWCPBE-JCJNQZIJSA-N,CYUUEOAQIWCPBE-JCJNQZIJSA-N,C[C@H]([C@H](O)CCC(C)(C)O)[C@H]1CC[C@@]2(O)C3=C(CC[C@]12C)[C@@]1(C)C[C@H](O)[C@H](O)C[C@H]1C(=O)C3,1
CMP:CYXIKYKBLDZZNW-UHFFFAOYSA-N,CYXIKYKBLDZZNW-UHFFFAOYSA-N,FC(F)(F)CCl,1
CMP:CZIHNRWJTSTCEX-UHFFFAOYSA-N,CZIHNRWJTSTCEX-UHFFFAOYSA-N,CC(=O)Nc1ccc2c(c1)Cc1ccccc1-2,1
CMP:CZQLULNMKQAIQL-PFDMWMSASA-N,CZQLULNMKQAIQL-PFDMWMSASA-N,C[C@@H]1C[C@]2(O[C@@H]2C)C(=O)O[C@@H]2CCN(C)C/C=C(/COC(=O)[C@]1(C)O)C2=O,1
CMP:CZQNYPBIOHVQQN-UHFFFAOYSA-N,CZQNYPBIOHVQQN-UHFFFAOYSA-N,COc1cc(C=CC(=O)OCCc2ccccc2)ccc1O,0
CMP:CZWCKYRVOZZJNM-USOAJAOKSA-N,CZWCKYRVOZZJNM-USOAJAOKSA-N,C[C@]12CC[C@H](OS(=O)(=O)O)CC1=CC[C@@H]1[C@@H]2CC[C@]2(C)C(=O)CC[C@@H]12,0
CMP:DADTZHAWDPZVFJ-UHFFFAOYSA-N,DADTZHAWDPZVFJ-UHFFFAOYSA-N,CCN(CC)C(=S)S[Te](SC(=S)N(CC)CC)(SC(=S)N(CC)CC)SC(=S)N(CC)CC,0
CMP:DAHPIMYBWVSMKQ-UHFFFAOYSA-N,DAHPIMYBWVSMKQ-UHFFFAOYSA-N,O=NN(O)c1ccccc1,1
CMP:DBEPLOCGEIEOCV-WSBQPABSSA-N,DBEPLOCGEIEOCV-WSBQPABSSA-N,CC(C)(C)NC(=O)[C@H]1CC[C@H]2[C@@H]3CC[C@H]4NC(=O)C=C[C@]4(C)[C@H]3CC[C@]12C,1
CMP:DECIPOUIJURFOJ-UHFFFAOYSA-N,DECIPOUIJURFOJ-UHFFFAOYSA-N,CCOc1ccc2c(c1)C(C)=CC(C)(C)N2,0
CMP:DEQZTKGFXNUBJL-UHFFFAOYSA-N,DEQZTKGFXNUBJL-UHFFFAOYSA-N,c1ccc2sc(SNC3CCCCC3)nc2c1,0
CMP:DFBKLUNHFCTMDC-GKRDHZSOSA-N,DFBKLUNHFCTMDC-GKRDHZSOSA-N,ClC1=C(Cl)[C@]2(Cl)[C@@H]3[C@H]4C[C@H]([C@@H]5O[C@H]45)[C@@H]3[C@@]1(Cl)C2(Cl)Cl,0
CMP:DFBKLUNHFCTMDC-PICURKEMSA-N,DFBKLUNHFCTMDC-PICURKEMSA-N,ClC1=C(Cl)[C@]2(Cl)[C@@H]3[C@@H]4C[C@@H]([C@H]5O[C@@H]45)[C@@H]3[C@@]1(Cl)C2(Cl)Cl,0
CMP:DFPAKSUCGFBDDF-UHFFFAOYSA-N,DFPAKSUCGFBDDF-UHFFFAOYSA-N,NC(=O)c1cccnc1,0
CMP:DGLJLGBVHRQILR-UHFFFAOYSA-N,DGLJLGBVHRQILR-UHFFFAOYSA-N,COc1cc(OC)c2c3c(c(=O)oc2c1)CCC3,0
CMP:DHMQDGOQFOQNFH-UHFFFAOYSA-N,DHMQDGOQFOQNFH-UHFFFAOYSA-N,NCC(=O)O,1
CMP:DHOYZNRIPLSCPT-UHFFFAOYSA-N,DHOYZNRIPLSCPT-UHFFFAOYSA-N,CN(C#N)N=O,1
CMP:DIWVBIXQCNRCFE-UHFFFAOYSA-N,DIWVBIXQCNRCFE-UHFFFAOYSA-N,COC(C(=O)O)c1ccccc1,0
CMP:DKGAVHZHDRPRBM-UHFFFAOYSA-N,DKGAVHZHDRPRBM-UHFFFAOYSA-N,CC(C)(C)O,0
CMP:DLRVVLDZNNYCBX-KNHCDGMMSA-N,DLRVVLDZNNYCBX-KNHCDGMMSA-N,OC[C@H]1OC(OC[C@H]2O[C@H](O)[C@H](O)[C@@H](O)[C@@H]2O)[C@H](O)[C@@H](O)[C@@H]1O,0
CMP:DNIAPMSPPWPWGF-UHFFFAOYSA-N,DNIAPMSPPWPWGF-UHFFFAOYSA-N,CC(O)CO,0
CMP:DNPICXVYNIZRFB-UHFFFAOYSA-N,DNPICXVYNIZRFB-UHFFFAOYSA-N,CN(CCCO)N=O,1
CMP:DOPJTDJKZNWLRB-UHFFFAOYSA-N,DOPJTDJKZNWLRB-UHFFFAOYSA-N,Nc1ccc([N+](=O)[O-])cc1O,0
CMP:DPYMAXOKJUBANR-UHFFFAOYSA-N,DPYMAXOKJUBANR-UHFFFAOYSA-N,CC1CN(N=O)CC(C)O1,1
CMP:DSGKTUVITPQPRT-UHFFFAOYSA-N,DSGKTUVITPQPRT-UHFFFAOYSA-N,O=NN1CCCCC1C(=O)O,0
CMP:DURULFYMVIFBIR-UHFFFAOYSA-N,DURULFYMVIFBIR-UHFFFAOYSA-N,CC(=O)Nc1ccc(OCC(O)CNC(C)C)cc1,0
CMP:DUWYZHLZDVCZIO-UHFFFAOYSA-N,DUWYZHLZDVCZIO-UHFFFAOYSA-N,O=CNNc1nc(-c2ccc([N+](=O)[O-])o2)cs1,1
CMP:DVCCCQNKIYNAKB-UHFFFAOYSA-N,DVCCCQNKIYNAKB-UHFFFAOYSA-N,Cc1cnc2ccc3c(nc(N)n3C)c2n1,1
CMP:DVKJHBMWWAPEIU-UHFFFAOYSA-N,DVKJHBMWWAPEIU-UHFFFAOYSA-N,Cc1ccc(N=C=O)cc1N=C=O,0
CMP:FAUOSXUSCVJWAY-UHFFFAOYSA-N,FAUOSXUSCVJWAY-UHFFFAOYSA-N,OC[P+](CO)(CO)CO,0
CMP:FBOZXECLQNJBKD-ZDUSSCGKSA-N,FBOZXECLQNJBKD-ZDUSSCGKSA-N,CN(Cc1cnc2nc(N)nc(N)c2n1)c1ccc(C(=O)N[C@@H](CCC(=O)O)C(=O)O)cc1,0
CMP:FBPFZTCFMRRESA-KVTDHHQDSA-N,FBPFZTCFMRRESA-KVTDHHQDSA-N,OC[C@@H](O)[C@@H](O)[C@H](O)[C@H](O)CO,0
CMP:FCKJYANJHNLEEP-XRWYNYHCSA-N,FCKJYANJHNLEEP-XRWYNYHCSA-N,C=C1CC[C@H](O)C/C1=C/C=C1\CCC[C@]2(C)[C@@H]([C@H](C)CC[C@@H](O)C(C)(C)O)CC[C@@H]12,0
CMP:FCYWOYUDCUKTJC-UHFFFAOYSA-N,FCYWOYUDCUKTJC-UHFFFAOYSA-N,CCN(CC(F)(F)F)N=O,1
CMP:FDCJUXDANKKYRM-UHFFFAOYSA-N,FDCJUXDANKKYRM-UHFFFAOYSA-N,CC1CN(N=O)CC(C)N1C(=O)c1ccccc1,1
CMP:FDKXTQMXEQVLRF-UHFFFAOYSA-N,FDKXTQMXEQVLRF-UHFFFAOYSA-N,CN(C)N=Nc1[nH]cnc1C(N)=O,1
CMP:FFEARJCKVFRZRR-UHFFFAOYSA-N,FFEARJCKVFRZRR-UHFFFAOYSA-N,CSCCC(N)C(=O)O,0
CMP:FGLBSLMDCBOPQK-UHFFFAOYSA-N,FGLBSLMDCBOPQK-UHFFFAOYSA-N,CC(C)[N+](=O)[O-],0
CMP:FIPWRIJSWJWJAI-UHFFFAOYSA-N,FIPWRIJSWJWJAI-UHFFFAOYSA-N,CCCCOCCOCCOCc1cc2c(cc1CCC)OCO2,0
CMP:FJLGEFLZQAZZCD-JUFISIKESA-N,FJLGEFLZQAZZCD-JUFISIKESA-N,CC(C)n1c(/C=C/[C@H](O)C[C@H](O)CC(=O)O)c(-c2ccc(F)cc2)c2ccccc21,1
CMP:FJTNLJLPLJDTRM-UHFFFAOYSA-N,FJTNLJLPLJDTRM-UHFFFAOYSA-N,Nc1ccc2c(n1)[nH]c1ccccc12,1
CMP:FKZLAQOTFPPENP-UHFFFAOYSA-N,FKZLAQOTFPPENP-UHFFFAOYSA-N,CC(O)CN(CC(O)CO)N=O,1
CMP:FLTYACUMGDVPLP-MDZDMXLPSA-N,FLTYACUMGDVPLP-MDZDMXLPSA-N,CN(C)c1ccc(/N=N/S(=O)(=O)O)cc1,0
CMP:FMGSKLZLMKYGDP-USOAJAOKSA-N,FMGSKLZLMKYGDP-USOAJAOKSA-N,C[C@]12CC[C@H](O)CC1=CC[C@@H]1[C@@H]2CC[C@]2(C)C(=O)CC[C@@H]12,1
CMP:FMKBEVQUKYPUEJ-UHFFFAOYSA-N,FMKBEVQUKYPUEJ-UHFFFAOYSA-N,CCN(N=O)C(=O)NCC(C)=O,1
CMP:FNKQFBWKNIGIOS-UHFFFAOYSA-N,FNKQFBWKNIGIOS-UHFFFAOYSA-N,Oc1ccc(O)o1,0
CMP:FNYLWPVRPXGIIP-UHFFFAOYSA-N,FNYLWPVRPXGIIP-UHFFFAOYSA-N,Nc1nc(N)c2nc(-c3ccccc3)c(N)nc2n1,0
CMP:FOCAUTSVDIKZOP-UHFFFAOYSA-N,FOCAUTSVDIKZOP-UHFFFAOYSA-N,O=C(O)CCl,0
CMP:FOCVUCIESVLUNU-UHFFFAOYSA-N,FOCVUCIESVLUNU-UHFFFAOYSA-N,S=P(N1CC1)(N1CC1)N1CC1,1
CMP:FODTZLFLDFKIQH-MLFZJPEPSA-N,FODTZLFLDFKIQH-MLFZJPEPSA-N,COc1cc(C=CC(=O)O[C@H]2CC[C@]34C[C@]35CC[C@]3(C)[C@@H]([C@H](C)CCC=C(C)C)CC[C@@]3(C)[C@@H]5CC[C@H]4C2(C)C)ccc1O,0
CMP:FQDIANVAWVHZIR-OWOJBTEDSA-N,FQDIANVAWVHZIR-OWOJBTEDSA-N,ClC/C=C/CCl,1
CMP:FQYUMYWMJTYZTK-UHFFFAOYSA-N,FQYUMYWMJTYZTK-UHFFFAOYSA-N,c1ccc(OCC2CO2)cc1,1
CMP:FUCMFBXWLUGVIZ-UHFFFAOYSA-N,FUCMFBXWLUGVIZ-UHFFFAOYSA-N,O=NN1CCCN(N=O)CC1,1
CMP:FUSGACRLAFQQRL-UHFFFAOYSA-N,FUSGACRLAFQQRL-UHFFFAOYSA-N,CCN(N=O)C(N)=O,1
CMP:FXHOOIRPVKKKFG-UHFFFAOYSA-N,FXHOOIRPVKKKFG-UHFFFAOYSA-N,CC(=O)N(C)C,0
CMP:FZNCGRZWXLXZSZ-CIQUZCHMSA-N,FZNCGRZWXLXZSZ-CIQUZCHMSA-N,OCC(CO)N[C@H]1C[C@](O)(CO)[C@@H](O)[C@H](O)[C@H]1O,0
CMP:GATVIKZLVQHOMN-UHFFFAOYSA-N,GATVIKZLVQHOMN-UHFFFAOYSA-N,ClC(Br)Br,0
CMP:GCLQWMIRLMWPHD-UHFFFAOYSA-N,GCLQWMIRLMWPHD-UHFFFAOYSA-N,Nc1ccc(C=Cc2ccc(N)c(S(=O)(=O)O)c2)c(S(=O)(=O)O)c1,0
CMP:GEQNZVKIDIPGCO-UHFFFAOYSA-N,GEQNZVKIDIPGCO-UHFFFAOYSA-N,COc1ccc(N)c(OC)c1,0
CMP:GFIXPWIVPHYTAJ-UHFFFAOYSA-N,GFIXPWIVPHYTAJ-UHFFFAOYSA-N,CN(N=O)c1ccc(F)cc1,1
CMP:GFOKXZBYAVRDMO-UHFFFAOYSA-N,GFOKXZBYAVRDMO-UHFFFAOYSA-N,CN(CCO)N=O,1
CMP:GGLIEWRLXDLBBF-UHFFFAOYSA-N,GGLIEWRLXDLBBF-UHFFFAOYSA-N,CCOc1ccc(NC(N)=O)cc1,1
CMP:GGLZPLKKBSSKCX-YFKPBYRVSA-N,GGLZPLKKBSSKCX-YFKPBYRVSA-N,CCSCC[C@H](N)C(=O)O,1
CMP:GHASVSINZRGABV-UHFFFAOYSA-N,GHASVSINZRGABV-UHFFFAOYSA-N,O=c1[nH]cc(F)c(=O)[nH]1,0
CMP:GHMLBKRAJCXXBS-UHFFFAOYSA-N,GHMLBKRAJCXXBS-UHFFFAOYSA-N,Oc1cccc(O)c1,0
CMP:GHOSNRCGJFBJIB-UHFFFAOYSA-N,GHOSNRCGJFBJIB-UHFFFAOYSA-N,CCOc1nc2cccc(C(=O)OC(C)OC(=O)OC3CCCCC3)c2n1Cc1ccc(-c2ccccc2-c2nn[nH]n2)cc1,0
CMP:GHQCIALFYKYZGS-UHFFFAOYSA-N,GHQCIALFYKYZGS-UHFFFAOYSA-N,Nc1ccc2c(c1)oc1ccccc12,1
CMP:GHYALFXBRYPUHB-DUXPYHPUSA-N,GHYALFXBRYPUHB-DUXPYHPUSA-N,Cn1cc(C(=O)O)c(=O)c2ccc(/C=C/c3ccc([N+](=O)[O-])o3)nc21,1
CMP:GLVAUDGFNGKCSF-UHFFFAOYSA-N,GLVAUDGFNGKCSF-UHFFFAOYSA-N,S=c1[nH]cnc2[nH]cnc12,0
CMP:GMHPROGCQPQRLG-UHFFFAOYSA-N,GMHPROGCQPQRLG-UHFFFAOYSA-N,O=C(Nc1nc(-c2ccc([N+](=O)[O-])o2)cs1)C(F)(F)F,1
CMP:GMZOUDFUPHOZBW-UHFFFAOYSA-N,GMZOUDFUPHOZBW-UHFFFAOYSA-N,CN(N=O)C(=O)c1c(N(C)N=O)ncn1C,1
CMP:GNOIPBMMFNIUFM-UHFFFAOYSA-N,GNOIPBMMFNIUFM-UHFFFAOYSA-N,CN(C)P(=O)(N(C)C)N(C)C,1
CMP:GOOHAUXETOMSMM-UHFFFAOYSA-N,GOOHAUXETOMSMM-UHFFFAOYSA-N,CC1CO1,1
CMP:GOPFSGIKKZFUJK-UHFFFAOYSA-N,GOPFSGIKKZFUJK-UHFFFAOYSA-N,CN(N=O)c1cccnc1,0
CMP:GPAPPPVRLPGFEQ-UHFFFAOYSA-N,GPAPPPVRLPGFEQ-UHFFFAOYSA-N,O=S(=O)(c1ccc(Cl)cc1)c1ccc(Cl)cc1,0
CMP:GQBHKSFHNFMVES-MIHORJCMSA-N,GQBHKSFHNFMVES-MIHORJCMSA-N,Cc1ccc(C(=O)N[C@@H]2C(=O)N[C@H](C(C)C)C(=O)N3CCC[C@H]3C(=O)N(C)CC(=O)N(C)[C@@H](C(C)C)C(=O)O[C@@H]2C)c2c1Oc1c(C)c(O)c(N)c(=C(O)N=C3C(=O)N[C@H](C(C)C)C(=O)N4CCC[C@H]4C(=O)N(C)CC(=O)N(C)[C@@H](C(C)C)C(=O)O[C@@H]3C)c1=N2,1
CMP:GUMSHIGGVOJLBP-SLRPQMTOSA-N,GUMSHIGGVOJLBP-SLRPQMTOSA-N,COc1ccc([C@@H]2CC(=O)c3c(O)cc(O[C@@H]4O[C@H](CO[C@@H]5O[C@@H](C)[C@H](O)[C@@H](O)[C@H]5O)[C@@H](O)[C@H](O)[C@H]4O)cc3O2)cc1OC,0
CMP:GVJHHUAWPYXKBD-UHFFFAOYSA-N,GVJHHUAWPYXKBD-UHFFFAOYSA-N,Cc1c(C)c2c(c(C)c1O)CCC(C)(CCCC(C)CCCC(C)CCCC(C)C)O2,0
CMP:GVYLCNUFSHDAAW-UHFFFAOYSA-N,GVYLCNUFSHDAAW-UHFFFAOYSA-N,ClC1(Cl)C2(Cl)C3(Cl)C4(Cl)C(Cl)(Cl)C5(Cl)C3(Cl)C1(Cl)C5(Cl)C24Cl,1
CMP:GWHJZXXIDMPWGX-UHFFFAOYSA-N,GWHJZXXIDMPWGX-UHFFFAOYSA-N,Cc1ccc(C)c(C)c1,1
CMP:GWSLPKWCBFSXCD-FPLPWBNLSA-N,GWSLPKWCBFSXCD-FPLPWBNLSA-N,CC(C)/N=[N+](\[O-])C(C)C,1
CMP:GXDALQBWZGODGZ-UHFFFAOYSA-N,GXDALQBWZGODGZ-UHFFFAOYSA-N,COc1ccc(CCN2CCC(Nc3nc4ccccc4n3Cc3ccc(F)cc3)CC2)cc1,0
CMP:GYCMBHHDWRMZGG-UHFFFAOYSA-N,GYCMBHHDWRMZGG-UHFFFAOYSA-N,C=C(C)C#N,0
CMP:GYRMPDLIHUXUIG-UHFFFAOYSA-N,GYRMPDLIHUXUIG-UHFFFAOYSA-N,CC(=O)Nc1nc(-c2ccc([N+](=O)[O-])o2)cs1,1
CMP:GYYDPBCUIJTIBM-DYOGSRDZSA-N,GYYDPBCUIJTIBM-DYOGSRDZSA-N,CO[C@H]1[C@@H](O)[C@@H](CO)OC(OC2C3CO[C@H]2[C@H](O)C(C)O3)[C@@H]1O,0
CMP:GZCRKMACGRBALK-VMPITWQZSA-N,GZCRKMACGRBALK-VMPITWQZSA-N,CC(C)C/C=N/N(C)C=O,1
CMP:GZGZVOLBULPDFD-UHFFFAOYSA-N,GZGZVOLBULPDFD-UHFFFAOYSA-N,Nc1ccc(NCCO)c([N+](=O)[O-])c1,0
CMP:GZPBVLUEICLBOA-UHFFFAOYSA-N,GZPBVLUEICLBOA-UHFFFAOYSA-N,Cc1cc(O)cc(C)c1N(C)C,0
CMP:GZPOYVTZKHVRHE-UHFFFAOYSA-N,GZPOYVTZKHVRHE-UHFFFAOYSA-N,CNCc1ccc(CSCCN=C(NCC(O)c2ccc(O)cc2)NS(C)(=O)=O)o1,0
CMP:GZUXJHMPEANEGY-UHFFFAOYSA-N,GZUXJHMPEANEGY-UHFFFAOYSA-N,CBr,0
CMP:GZVHEAJQGPRDLQ-UHFFFAOYSA-N,GZVHEAJQGPRDLQ-UHFFFAOYSA-N,Nc1nc(N)nc(-c2ccccc2)n1,0
CMP:HAGCCDDROWPBPR-UHFFFAOYSA-N,HAGCCDDROWPBPR-UHFFFAOYSA-N,O=NN1CSCSC1,0
CMP:HAKZNKDZKQNRNW-UHFFFAOYSA-N,HAKZNKDZKQNRNW-UHFFFAOYSA-N,CC1SC(C)N(N=O)C(C)S1,1
CMP:HAWPXGHAZFHHAD-UHFFFAOYSA-N,HAWPXGHAZFHHAD-UHFFFAOYSA-N,CN(CCCl)CCCl,1
CMP:HBGGXOJOCNVPFY-UHFFFAOYSA-N,HBGGXOJOCNVPFY-UHFFFAOYSA-N,CC(C)CCCCCCOC(=O)c1ccccc1C(=O)OCCCCCCC(C)C,1
CMP:HBQPGVWPSQGTJK-TWELXNIESA-N,HBQPGVWPSQGTJK-TWELXNIESA-N,C=C1C(C)(C)[C@@]2(Cl)C(Cl)[C@]1(Cl)C(Cl)(Cl)C2(Cl)Cl,1
CMP:HDEPBBATNLJTLO-UHFFFAOYSA-N,HDEPBBATNLJTLO-UHFFFAOYSA-N,NC(=O)N(CCCO)N=O,1
CMP:HDTIFOGXOGLRCB-MDZDMXLPSA-N,HDTIFOGXOGLRCB-MDZDMXLPSA-N,CCCCCCCC/C=C/CCCCCCCC(=O)OCCOCC(OCCO)C1OCC(OCCO)C1OCCO,0
CMP:HEDRZPFGACZZDS-UHFFFAOYSA-N,HEDRZPFGACZZDS-UHFFFAOYSA-N,ClC(Cl)Cl,0
CMP:HFACYLZERDEVSX-UHFFFAOYSA-N,HFACYLZERDEVSX-UHFFFAOYSA-N,Nc1ccc(-c2ccc(N)cc2)cc1,1
CMP:HFZWRUODUSTPEG-UHFFFAOYSA-N,HFZWRUODUSTPEG-UHFFFAOYSA-N,Oc1ccc(Cl)cc1Cl,0
CMP:HGINCPLSRVDWNT-UHFFFAOYSA-N,HGINCPLSRVDWNT-UHFFFAOYSA-N,C=CC=O,0
CMP:HGUFODBRKLSHSI-UHFFFAOYSA-N,HGUFODBRKLSHSI-UHFFFAOYSA-N,Clc1cc2c(cc1Cl)Oc1cc(Cl)c(Cl)cc1O2,1
CMP:HGZHAINHFBFXIU-UHFFFAOYSA-N,HGZHAINHFBFXIU-UHFFFAOYSA-N,Cc1ccc2c(-c3cccc(O)c3)nc(=O)n(C(C)C)c2c1,0
CMP:HKGJFHDHCGYJAM-UHFFFAOYSA-N,HKGJFHDHCGYJAM-UHFFFAOYSA-N,CCNC(=O)N(C=O)CCN(C)C,1
CMP:HKJKONMZMPUGHJ-UHFFFAOYSA-N,HKJKONMZMPUGHJ-UHFFFAOYSA-N,Nc1c(N=Nc2ccc([N+](=O)[O-])cc2)c(S(=O)(=O)O)cc2cc(S(=O)(=O)O)c(N=Nc3ccccc3)c(O)c12,0
CMP:HKOOXMFOFWEVGF-UHFFFAOYSA-N,HKOOXMFOFWEVGF-UHFFFAOYSA-N,NNc1ccccc1,0
CMP:HLBLWEWZXPIGSM-UHFFFAOYSA-N,HLBLWEWZXPIGSM-UHFFFAOYSA-N,Nc1ccc(Oc2ccc(N)cc2)cc1,1
CMP:HMBBJSKXDBUNNT-UHFFFAOYSA-N,HMBBJSKXDBUNNT-UHFFFAOYSA-N,Brc1cc(Br)c(-c2cc(Br)c(Br)cc2Br)cc1Br,1
CMP:HMUODERFGQSGSR-UHFFFAOYSA-N,HMUODERFGQSGSR-UHFFFAOYSA-N,COc1cc(OC)c2c3c(c(=O)oc2c1)C(=O)CC3,0
CMP:HNURKXXMYARGAY-UHFFFAOYSA-N,HNURKXXMYARGAY-UHFFFAOYSA-N,CC(C)(C)c1cc(CO)cc(C(C)(C)C)c1O,0
CMP:HOEFWOBLOGZQIQ-UHFFFAOYSA-N,HOEFWOBLOGZQIQ-UHFFFAOYSA-N,S=C(SN1CCOCC1)N1CCOCC1,1
CMP:HPDHKHMHQGCNPE-QLJRNOHWSA-N,HPDHKHMHQGCNPE-QLJRNOHWSA-N,C/C=C1/C[C@@H](C)[C@@](C)(O)C(=O)OC/C2=C/CN(C)CC[C@@H](OC1=O)C2=O,1
CMP:HPFHYRNETZEPIV-UHFFFAOYSA-N,HPFHYRNETZEPIV-UHFFFAOYSA-N,S=C(SSSSSSC(=S)N1CCCCC1)N1CCCCC1,0
CMP:HQHACWYQWDKBOZ-UHFFFAOYSA-N,HQHACWYQWDKBOZ-UHFFFAOYSA-N,O=NN1CCCCCCCCCCCC1,1
CMP:HQUQLFOMPYWACS-UHFFFAOYSA-N,HQUQLFOMPYWACS-UHFFFAOYSA-N,O=P(OCCCl)(OCCCl)OCCCl,1
CMP:HRPVXLWXLXDGHG-UHFFFAOYSA-N,HRPVXLWXLXDGHG-UHFFFAOYSA-N,C=CC(N)=O,1
CMP:HRYZWHHZPQKTII-UHFFFAOYSA-N,HRYZWHHZPQKTII-UHFFFAOYSA-N,CCCl,1
CMP:HSXKWKJCZNRMJO-UHFFFAOYSA-N,HSXKWKJCZNRMJO-UHFFFAOYSA-N,CC(=O)OC(OC(C)=O)c1ccc([N+](=O)[O-])o1,0
CMP:HTRVALPKPVGOSZ-UHFFFAOYSA-N,HTRVALPKPVGOSZ-UHFFFAOYSA-N,Nc1ccc(-c2ccc(F)cc2)cc1,1
CMP:HTWGDSKVENTDTB-UHFFFAOYSA-N,HTWGDSKVENTDTB-UHFFFAOYSA-N,CN(N=O)c1ncnc2[nH]cnc12,1
CMP:HUMNYLRZRPPJDN-UHFFFAOYSA-N,HUMNYLRZRPPJDN-UHFFFAOYSA-N,O=Cc1ccccc1,0
CMP:HWGBHCRJGXAGEU-UHFFFAOYSA-N,HWGBHCRJGXAGEU-UHFFFAOYSA-N,Cc1cc(=O)[nH]c(=S)[nH]1,1
CMP:HXIQYSLFEXIOAV-UHFFFAOYSA-N,HXIQYSLFEXIOAV-UHFFFAOYSA-N,Cc1cc(O)c(C(C)(C)C)cc1Sc1cc(C(C)(C)C)c(O)cc1C,0
CMP:IAKOZHOLGAGEJT-UHFFFAOYSA-N,IAKOZHOLGAGEJT-UHFFFAOYSA-N,COc1ccc(C(c2ccc(OC)cc2)C(Cl)(Cl)Cl)cc1,0
CMP:IAOZJIPTCAWIRG-QWRGUYRKSA-N,IAOZJIPTCAWIRG-QWRGUYRKSA-N,COC(=O)[C@H](Cc1ccccc1)NC(=O)[C@@H](N)CC(=O)O,0
CMP:IAYPIBMASNFSPL-UHFFFAOYSA-N,IAYPIBMASNFSPL-UHFFFAOYSA-N,C1CO1,1
CMP:IBOFVQJTBBUKMU-UHFFFAOYSA-N,IBOFVQJTBBUKMU-UHFFFAOYSA-N,Nc1ccc(Cc2ccc(N)c(Cl)c2)cc1Cl,1
CMP:IBXPYPUJPLLOIN-UHFFFAOYSA-N,IBXPYPUJPLLOIN-UHFFFAOYSA-N,Cc1ncc([N+](=O)[O-])n1C,1
CMP:ICMGLRUYEQNHPF-UHFFFAOYSA-N,ICMGLRUYEQNHPF-UHFFFAOYSA-N,COc1ccccc1N1CCN(CCCNc2cc(=O)n(C)c(=O)n2C)CC1,0
CMP:ICNFHJVPAJKPHW-UHFFFAOYSA-N,ICNFHJVPAJKPHW-UHFFFAOYSA-N,Nc1ccc(Sc2ccc(N)cc2)cc1,1
CMP:IDFLGSYEBJNWMK-UHFFFAOYSA-N,IDFLGSYEBJNWMK-UHFFFAOYSA-N,ClCOCCOCCl,1
CMP:IDIMIWQPUHURPV-WTWIWYCDSA-N,IDIMIWQPUHURPV-WTWIWYCDSA-N,C/C=C1/C[C@@H](C)[C@](O)(CO)C(=O)OCC2=CC[N+]3([O-])CC[C@@H](OC1=O)[C@@H]23,1
CMP:IFXSWTIWFGIXQO-AOOOYVTPSA-N,IFXSWTIWFGIXQO-AOOOYVTPSA-N,C[C@@H]1C[C@H](C)CN(S(=O)(=O)c2ccc(Cl)c(C(=O)O)c2)C1,1
CMP:IISBACLAFKSPIT-UHFFFAOYSA-N,IISBACLAFKSPIT-UHFFFAOYSA-N,CC(C)(c1ccc(O)cc1)c1ccc(O)cc1,0
CMP:IJOCQJGYYDLLAT-UHFFFAOYSA-N,IJOCQJGYYDLLAT-UHFFFAOYSA-N,CN(N=O)c1ccc(C=Cc2ccnc3ccccc23)cc1,1
CMP:IKGXIBQEEMLURG-NVPNHPEKSA-N,IKGXIBQEEMLURG-NVPNHPEKSA-N,C[C@@H]1O[C@@H](OC[C@H]2O[C@@H](Oc3c(-c4ccc(O)c(O)c4)oc4cc(O)cc(O)c4c3=O)[C@H](O)[C@@H](O)[C@@H]2O)[C@H](O)[C@H](O)[C@H]1O,0
CMP:IKHGUXGNUITLKF-UHFFFAOYSA-N,IKHGUXGNUITLKF-UHFFFAOYSA-N,CC=O,1
CMP:ILGJVPVZCNNBKI-UHFFFAOYSA-N,ILGJVPVZCNNBKI-UHFFFAOYSA-N,Nc1ccc(-c2ccccc2)cc1O,0
CMP:IMACFCSSMIZSPP-UHFFFAOYSA-N,IMACFCSSMIZSPP-UHFFFAOYSA-N,O=C(CCl)c1ccccc1,0
CMP:IMHBYKMAHXWHRP-UHFFFAOYSA-N,IMHBYKMAHXWHRP-UHFFFAOYSA-N,Clc1nc(Cl)nc(Nc2ccccc2Cl)n1,0
CMP:IMSSROKUHAOUJS-MJCUULBUSA-N,IMSSROKUHAOUJS-MJCUULBUSA-N,C#C[C@]1(O)CC[C@H]2[C@@H]3CCc4cc(OC)ccc4[C@H]3CC[C@@]21C,0
CMP:INLLPKCGLOXCIV-UHFFFAOYSA-N,INLLPKCGLOXCIV-UHFFFAOYSA-N,C=CBr,1
CMP:IOEPXYJOHIZYGQ-UHFFFAOYSA-N,IOEPXYJOHIZYGQ-UHFFFAOYSA-N,Cc1ccc2c(c1)C(N1CCN(C)CC1)=Nc1ccccc1S2,0
CMP:IOOMXAQUNPWDLL-UHFFFAOYSA-N,IOOMXAQUNPWDLL-UHFFFAOYSA-N,CCN(CC)c1ccc2c(-c3ccc(S(=O)(=O)O)cc3S(=O)(=O)[O-])c3ccc(=[N+](CC)CC)cc-3oc2c1,0
CMP:IPEHBUMCGVEMRF-UHFFFAOYSA-N,IPEHBUMCGVEMRF-UHFFFAOYSA-N,NC(=O)c1cnccn1,0
CMP:IRIAEXORFWYRCZ-UHFFFAOYSA-N,IRIAEXORFWYRCZ-UHFFFAOYSA-N,CCCCOC(=O)c1ccccc1C(=O)OCc1ccccc1,0
CMP:ISAOCJYIOMOJEB-UHFFFAOYSA-N,ISAOCJYIOMOJEB-UHFFFAOYSA-N,O=C(c1ccccc1)C(O)c1ccccc1,0
CMP:ISWSIDIOOBJBQZ-UHFFFAOYSA-N,ISWSIDIOOBJBQZ-UHFFFAOYSA-N,Oc1ccccc1,0
CMP:IWWWBRIIGAXLCJ-UHFFFAOYSA-N,IWWWBRIIGAXLCJ-UHFFFAOYSA-N,CCN=c1cc2oc3cc(NCC)c(C)cc3c(-c3ccccc3C(=O)OCC)c-2cc1C,0
CMP:IWYRWIUNAVNFPE-UHFFFAOYSA-N,IWYRWIUNAVNFPE-UHFFFAOYSA-N,O=CC1CO1,0
CMP:IYRMWMYZSQPJKC-UHFFFAOYSA-N,IYRMWMYZSQPJKC-UHFFFAOYSA-N,O=c1c(O)c(-c2ccc(O)cc2)oc2cc(O)cc(O)c12,0
CMP:IZPWYVQTUVBMCO-UHFFFAOYSA-N,IZPWYVQTUVBMCO-UHFFFAOYSA-N,Nc1cc(S(=O)(=O)O)cc2cc(S(=O)(=O)O)c(N=Nc3ccc(-c4ccc(N=Nc5c(S(=O)(=O)O)cc6cc(S(=O)(=O)O)cc(N)c6c5O)cc4)cc3)c(O)c12,1
CMP:JBKVHLHDHHXQEQ-UHFFFAOYSA-N,JBKVHLHDHHXQEQ-UHFFFAOYSA-N,O=C1CCCCCN1,0
CMP:JCKYGMPEJWAADB-UHFFFAOYSA-N,JCKYGMPEJWAADB-UHFFFAOYSA-N,O=C(O)CCCc1ccc(N(CCCl)CCCl)cc1,1
CMP:JCYPECIVGRXBMO-FOCLMDBBSA-N,JCYPECIVGRXBMO-FOCLMDBBSA-N,CN(C)c1ccc(/N=N/c2ccccc2)cc1,1
CMP:JFIOVJDNOJYLKP-UHFFFAOYSA-N,JFIOVJDNOJYLKP-UHFFFAOYSA-N,Oc1c(Cl)cc(Cl)cc1Sc1cc(Cl)cc(Cl)c1O,0
CMP:JIGUQPWFLRLWPJ-UHFFFAOYSA-N,JIGUQPWFLRLWPJ-UHFFFAOYSA-N,C=CC(=O)OCC,0
CMP:JIWAGFGPBKDFQN-UHFFFAOYSA-N,JIWAGFGPBKDFQN-UHFFFAOYSA-N,CC1CN(N=O)CC(C)N1N=O,1
CMP:JJNZXLAFIPKXIG-UHFFFAOYSA-N,JJNZXLAFIPKXIG-UHFFFAOYSA-N,N#CC(C#N)=Cc1ccccc1Cl,0
CMP:JLBJTVDPSNHSKJ-UHFFFAOYSA-N,JLBJTVDPSNHSKJ-UHFFFAOYSA-N,C=Cc1ccc(C)cc1,0
CMP:JLPULHDHAOZNQI-ZTIMHPMXSA-N,JLPULHDHAOZNQI-ZTIMHPMXSA-N,CCCCC/C=C\C/C=C\CCCCCCCC(=O)O[C@H](COC(=O)CCCCCCCCCCCCCCC)COP(=O)([O-])OCC[N+](C)(C)C,0
CMP:JLRGJRBPOGGCBT-UHFFFAOYSA-N,JLRGJRBPOGGCBT-UHFFFAOYSA-N,CCCCNC(=O)NS(=O)(=O)c1ccc(C)cc1,0
CMP:JLTDJTHDQAWBAV-UHFFFAOYSA-N,JLTDJTHDQAWBAV-UHFFFAOYSA-N,CN(C)c1ccccc1,0
CMP:JNTNNUXPPZAEFD-UHFFFAOYSA-N,JNTNNUXPPZAEFD-UHFFFAOYSA-N,CCCN(N)C=O,1
CMP:JNVGBRQYZHTBTP-UHFFFAOYSA-N,JNVGBRQYZHTBTP-UHFFFAOYSA-N,O=C(O)c1ccc(N=Nc2ccc(O)c(C(=O)O)c2)cc1,0
CMP:JOATXPAWOHTVSZ-UHFFFAOYSA-N,JOATXPAWOHTVSZ-UHFFFAOYSA-N,CCN(CC)C(=O)Nc1ccc(OCC(O)CNC(C)(C)C)c(C(C)=O)c1,0
CMP:JORMZLCKCZMVJM-UHFFFAOYSA-N,JORMZLCKCZMVJM-UHFFFAOYSA-N,CC(=O)Nc1ccc(-c2ccc(F)cc2)cc1,1
CMP:JOYRKODLDBILNP-UHFFFAOYSA-N,JOYRKODLDBILNP-UHFFFAOYSA-N,CCOC(N)=O,1
CMP:JPGQOUSTVILISH-UHFFFAOYSA-N,JPGQOUSTVILISH-UHFFFAOYSA-N,FC(F)OC(F)(F)C(F)Cl,0
CMP:JQPBCNVLZQUNCT-UHFFFAOYSA-N,JQPBCNVLZQUNCT-UHFFFAOYSA-N,CCCCCCN(N=O)C(N)=O,1
CMP:JQUKCPUPFALELS-UHFFFAOYSA-N,JQUKCPUPFALELS-UHFFFAOYSA-N,COc1cc([S+](C)[O-])ccc1-c1nc2ccncc2[nH]1,1
CMP:JQXXHWHPUNPDRT-ISGDJQTPSA-N,JQXXHWHPUNPDRT-ISGDJQTPSA-N,CO[C@H]1/C=C/O[C@@]2(C)Oc3c(C)c(O)c4c(O)c(c(C=NN5CCN(C)CC5)c(O)c4c3C2=O)NC(=O)C(C)=CC=C[C@H](C)[C@H](O)[C@@H](C)[C@@H](O)[C@@H](C)[C@H](OC(C)=O)[C@@H]1C,0
CMP:JSZOAYXJRCEYSX-UHFFFAOYSA-N,JSZOAYXJRCEYSX-UHFFFAOYSA-N,CCC[N+](=O)[O-],0
CMP:JTIGKVIOEQASGT-UHFFFAOYSA-N,JTIGKVIOEQASGT-UHFFFAOYSA-N,Cc1ccc2c(-c3ccccc3)nc(=O)n(C(C)C)c2c1,0
CMP:JUJWROOIHBZHMG-UHFFFAOYSA-N,JUJWROOIHBZHMG-UHFFFAOYSA-N,c1ccncc1,1
CMP:JUZXDNPBRPUIOR-UHFFFAOYSA-N,JUZXDNPBRPUIOR-UHFFFAOYSA-N,C[N+](C)(C)CCCl,0
CMP:JWFMCQPAQYKFDP-UHFFFAOYSA-N,JWFMCQPAQYKFDP-UHFFFAOYSA-N,NC(=O)N(CC(=O)O)N=O,1
CMP:JWOWJQPAYGEFFK-UHFFFAOYSA-N,JWOWJQPAYGEFFK-UHFFFAOYSA-N,C[As](C)(C)=O,1
CMP:JXDKCTHGAOIBAD-UHFFFAOYSA-N,JXDKCTHGAOIBAD-UHFFFAOYSA-N,COc1cc(OC)c2c3c(c(=O)oc2c1)CCC3=O,0
CMP:JXLYSJRDGCGARV-CFWMRBGOSA-N,JXLYSJRDGCGARV-CFWMRBGOSA-N,CC[C@]1(O)C[C@@H]2CN(CCc3c([nH]c4ccccc34)[C@@](C(=O)OC)(c3cc4c(cc3OC)N(C)[C@H]3[C@@](O)(C(=O)OC)[C@H](OC(C)=O)[C@]5(CC)C=CCN6CC[C@]43[C@@H]65)C2)C1,0
CMP:JXSJBGJIGXNWCI-UHFFFAOYSA-N,JXSJBGJIGXNWCI-UHFFFAOYSA-N,CCOC(=O)CC(SP(=S)(OC)OC)C(=O)OCC,0
CMP:JYCWIWQCLCVCDK-UHFFFAOYSA-N,JYCWIWQCLCVCDK-UHFFFAOYSA-N,O=Nn1cc(O)[nH]c1=O,1
CMP:JZHGRUMIRATHIU-UHFFFAOYSA-N,JZHGRUMIRATHIU-UHFFFAOYSA-N,C=Cc1cccc(C)c1,0
CMP:JZUFKLXOESDKRF-UHFFFAOYSA-N,JZUFKLXOESDKRF-UHFFFAOYSA-N,NS(=O)(=O)c1cc2c(cc1Cl)NCNS2(=O)=O,0
CMP:KAJICSGLHKRDLN-UHFFFAOYSA-N,KAJICSGLHKRDLN-UHFFFAOYSA-N,S=C(NC1CCCCC1)NC1CCCCC1,0
CMP:KAKZBPTYRLMSJV-UHFFFAOYSA-N,KAKZBPTYRLMSJV-UHFFFAOYSA-N,C=CC=C,1
CMP:KCOYHFNCTWXETP-UHFFFAOYSA-N,KCOYHFNCTWXETP-UHFFFAOYSA-N,NC(=S)NNC(N)=S,0
CMP:KCXMKQUNVWSEMD-UHFFFAOYSA-N,KCXMKQUNVWSEMD-UHFFFAOYSA-N,ClCc1ccccc1,1
CMP:KCXVZYZYPLLWCC-UHFFFAOYSA-N,KCXVZYZYPLLWCC-UHFFFAOYSA-N,O=C(O)CN(CCN(CC(=O)O)CC(=O)O)CC(=O)O,0
CMP:KDYFGRWQOYBRFD-UHFFFAOYSA-N,KDYFGRWQOYBRFD-UHFFFAOYSA-N,O=C(O)CCC(=O)O,0
CMP:KDYQVUUCWUPJGE-UHFFFAOYSA-N,KDYQVUUCWUPJGE-UHFFFAOYSA-N,CCN(CC)CCOc1ccc(C(O)(Cc2ccc(OC)cc2)c2ccccc2)cc1,0
CMP:KEQFTVQCIQJIQW-UHFFFAOYSA-N,KEQFTVQCIQJIQW-UHFFFAOYSA-N,c1ccc(Nc2ccc3ccccc3c2)cc1,0
CMP:KEYWXKLGZZGHMT-UHFFFAOYSA-N,KEYWXKLGZZGHMT-UHFFFAOYSA-N,O=S(=O)(O)c1ccc(N=Nc2c(O)ccc3cc(S(=O)(=O)O)ccc23)cc1,0
CMP:KFDNXHKRTQRVGV-UHFFFAOYSA-N,KFDNXHKRTQRVGV-UHFFFAOYSA-N,ClC1(Cl)C2(Cl)C3C4(Cl)C1(Cl)C1(Cl)C4(Cl)C(Cl)(Cl)C3(Cl)C21Cl,1
CMP:KFZMGEQAYNKOFK-UHFFFAOYSA-N,KFZMGEQAYNKOFK-UHFFFAOYSA-N,CC(C)O,0
CMP:KGRVJHAUYBGFFP-UHFFFAOYSA-N,KGRVJHAUYBGFFP-UHFFFAOYSA-N,Cc1cc(Cc2cc(C)cc(C(C)(C)C)c2O)c(O)c(C(C)(C)C)c1,0
CMP:KGVQFUIYBAPYSK-UHFFFAOYSA-N,KGVQFUIYBAPYSK-UHFFFAOYSA-N,CC(=O)Nc1nnc(-c2ccc([N+](=O)[O-])o2)s1,1
CMP:KIUHZRUPPGAVPY-UHFFFAOYSA-N,KIUHZRUPPGAVPY-UHFFFAOYSA-N,O=NN1CC=CCC1,1
CMP:KIZIRROTJQVUGJ-UHFFFAOYSA-N,KIZIRROTJQVUGJ-UHFFFAOYSA-N,COc1cc(-c2ccc(N=Nc3c(S(=O)(=O)O)cc4cc(S(=O)(=O)O)cc(N)c4c3O)c(OC)c2)ccc1N=Nc1c(S(=O)(=O)O)cc2cc(S(=O)(=O)O)cc(N)c2c1O,1
CMP:KJPRLNWUNMBNBZ-QPJJXVBHSA-N,KJPRLNWUNMBNBZ-QPJJXVBHSA-N,O=C/C=C/c1ccccc1,0
CMP:KNRMJISYMHRPTH-UHFFFAOYSA-N,KNRMJISYMHRPTH-UHFFFAOYSA-N,NNc1nc(-c2ccc([N+](=O)[O-])o2)cs1,1
CMP:KTTAHABZUYACCH-UHFFFAOYSA-N,KTTAHABZUYACCH-UHFFFAOYSA-N,CC(=O)CN(N=O)C(=O)NCCCl,1
CMP:KTXUOWUHFLBZPW-UHFFFAOYSA-N,KTXUOWUHFLBZPW-UHFFFAOYSA-N,Clc1cccc(-c2cccc(Cl)c2)c1,1
CMP:KUXGUCNZFCVULO-UHFFFAOYSA-N,KUXGUCNZFCVULO-UHFFFAOYSA-N,CCCCCCCCCc1ccc(OCCO)cc1,0
CMP:KWISWUFGPUHDRY-UHFFFAOYSA-N,KWISWUFGPUHDRY-UHFFFAOYSA-N,CC(C)=CCl,1
CMP:KXPLUKKFTHWPIA-UHFFFAOYSA-N,KXPLUKKFTHWPIA-UHFFFAOYSA-N,O=CNNc1nc(-c2ccco2)cs1,0
CMP:KZAUOCCYDRDERY-UHFFFAOYSA-N,KZAUOCCYDRDERY-UHFFFAOYSA-N,CNC(=O)ON=C(SC)C(=O)N(C)C,0
CMP:KZQYIMCESJLPQH-UHFFFAOYSA-N,KZQYIMCESJLPQH-UHFFFAOYSA-N,Cc1cc(=O)n(-c2ccccc2)[nH]1,0
CMP:LCCNCVORNKJIRZ-UHFFFAOYSA-N,LCCNCVORNKJIRZ-UHFFFAOYSA-N,CCOP(=S)(OCC)Oc1ccc([N+](=O)[O-])cc1,0
CMP:LDKGEUAGEISBIX-UHFFFAOYSA-N,LDKGEUAGEISBIX-UHFFFAOYSA-N,CCC=C(CC)[N+](=O)[O-],1
CMP:LDLCZOVUSADOIV-UHFFFAOYSA-N,LDLCZOVUSADOIV-UHFFFAOYSA-N,OCCBr,1
CMP:LDRYOEIGQCIMEK-UHFFFAOYSA-N,LDRYOEIGQCIMEK-UHFFFAOYSA-N,CC(Oc1cc(Cl)ccc1Cl)C(=O)O,0
CMP:LDYJXVUOVPVZKA-UHFFFAOYSA-N,LDYJXVUOVPVZKA-UHFFFAOYSA-N,CN(C)CCN(Cc1cccs1)c1ccccc1,0
CMP:LFHISGNCFUNFFM-UHFFFAOYSA-N,LFHISGNCFUNFFM-UHFFFAOYSA-N,O=[N+]([O-])C(Cl)(Cl)Cl,0
CMP:LFQSCWFLJHTTHZ-UHFFFAOYSA-N,LFQSCWFLJHTTHZ-UHFFFAOYSA-N,CCO,0
CMP:LGRFSURHDFAFJT-UHFFFAOYSA-N,LGRFSURHDFAFJT-UHFFFAOYSA-N,O=C1OC(=O)c2ccccc21,0
CMP:LGXVIGDEPROXKC-UHFFFAOYSA-N,LGXVIGDEPROXKC-UHFFFAOYSA-N,C=C(Cl)Cl,0
CMP:LHRCREOYAASXPZ-UHFFFAOYSA-N,LHRCREOYAASXPZ-UHFFFAOYSA-N,c1ccc2c(c1)ccc1cc3c(ccc4ccccc43)cc12,1
CMP:LLROQAGEAVDYFP-MDZDMXLPSA-N,LLROQAGEAVDYFP-MDZDMXLPSA-N,CN(C)/N=N/c1ccccc1,1
CMP:LMBWSYZSUOEYSN-UHFFFAOYSA-N,LMBWSYZSUOEYSN-UHFFFAOYSA-N,CCN(CC)C(=S)S,0
CMP:LMIMSGCBKHFTDY-UHFFFAOYSA-N,LMIMSGCBKHFTDY-UHFFFAOYSA-N,CCN(C#N)N=O,1
CMP:LNTHITQWFMADLM-UHFFFAOYSA-N,LNTHITQWFMADLM-UHFFFAOYSA-N,O=C(O)c1cc(O)c(O)c(O)c1,0
CMP:LOVDWMTZZYUFMA-UHFFFAOYSA-N,LOVDWMTZZYUFMA-UHFFFAOYSA-N,ClC1C2(Cl)C3C4C5OC5C5C4C1(Cl)C(Cl)(C53)C2(Cl)Cl,0
CMP:LPYUENQFPVNPHY-UHFFFAOYSA-N,LPYUENQFPVNPHY-UHFFFAOYSA-N,COc1cccc(O)c1O,1
CMP:LPYXWGMUVRGUOY-REOHCLBHSA-N,LPYXWGMUVRGUOY-REOHCLBHSA-N,OC[C@H](O)c1oc(O)c(O)c1O,0
CMP:LPYXWGMUVRGUOY-UWTATZPHSA-N,LPYXWGMUVRGUOY-UWTATZPHSA-N,OC[C@@H](O)c1oc(O)c(O)c1O,0
CMP:LQKRYVGRPXFFAV-UHFFFAOYSA-N,LQKRYVGRPXFFAV-UHFFFAOYSA-N,CCOC(=O)C1OC1(C)c1ccccc1,0
CMP:LRBQNJMCXXYXIU-QWKBTXIPSA-N,LRBQNJMCXXYXIU-QWKBTXIPSA-N,O=C(OC[C@@H]1O[C@H](OC(=O)c2cc(O)c(O)c(OC(=O)c3cc(O)c(O)c(O)c3)c2)[C@@H](OC(=O)c2cc(O)c(O)c(OC(=O)c3cc(O)c(O)c(O)c3)c2)[C@H](OC(=O)c2cc(O)c(O)c(OC(=O)c3cc(O)c(O)c(O)c3)c2)[C@H]1OC(=O)c1cc(O)c(O)c(OC(=O)c2cc(O)c(O)c(O)c2)c1)c1cc(O)c(O)c(OC(=O)c2cc(O)c(O)c(O)c2)c1,0
CMP:LSLCMDFPNJQMJN-UHFFFAOYSA-N,LSLCMDFPNJQMJN-UHFFFAOYSA-N,CC(O)CN(N=O)C(=O)NCCCl,1
CMP:LSWOCDLIYSKTRX-UHFFFAOYSA-N,LSWOCDLIYSKTRX-UHFFFAOYSA-N,CCCCN(N=O)C(N)=O,1
CMP:LSWYGACWGAICNM-UHFFFAOYSA-N,LSWYGACWGAICNM-UHFFFAOYSA-N,C=CCOCC1CO1,0
CMP:LUMLZKVIXLWTCI-IHWYPQMZSA-N,LUMLZKVIXLWTCI-IHWYPQMZSA-N,O=C/C(Cl)=C(/Cl)C(=O)O,0
CMP:LUQHAHRMUPOTQK-UHFFFAOYSA-N,LUQHAHRMUPOTQK-UHFFFAOYSA-N,CN(C)CCN(Cc1ccco1)c1ccccn1,0
CMP:LUSZGTFNYDARNI-UHFFFAOYSA-N,LUSZGTFNYDARNI-UHFFFAOYSA-N,Oc1ccc2c(c1)OCO2,1
CMP:LVTFSVIRYMXRSR-WUKNDPDISA-N,LVTFSVIRYMXRSR-WUKNDPDISA-N,Cc1cccc(/N=N/c2ccc(N(C)C)cc2)c1,1
CMP:LVTYICIALWPMFW-UHFFFAOYSA-N,LVTYICIALWPMFW-UHFFFAOYSA-N,CC(O)CNCC(C)O,0
CMP:LWICCBMIAPTSTO-UHFFFAOYSA-N,LWICCBMIAPTSTO-UHFFFAOYSA-N,Brc1cc(Br)c(-c2c(Br)c(Br)c(Br)c(Br)c2Br)c(Br)c1Br,1
CMP:LXBGSDVWAMZHDD-UHFFFAOYSA-N,LXBGSDVWAMZHDD-UHFFFAOYSA-N,Cc1ncc[nH]1,1
CMP:LYAHJFZLDZDIOH-UHFFFAOYSA-N,LYAHJFZLDZDIOH-UHFFFAOYSA-N,NC(=O)C(=Cc1ccc([N+](=O)[O-])o1)c1ccco1,1
CMP:LYCAIKOWRPUZTN-UHFFFAOYSA-N,LYCAIKOWRPUZTN-UHFFFAOYSA-N,OCCO,0
CMP:LYVDQJOFFUOJJT-UHFFFAOYSA-N,LYVDQJOFFUOJJT-UHFFFAOYSA-N,CC(C)Oc1ccccc1OC(=O)N(C)N=O,1
CMP:LZCJYKSOIZQABU-UHFFFAOYSA-N,LZCJYKSOIZQABU-UHFFFAOYSA-N,CCOC(=O)C(Cl)=NNc1ccccc1,0
CMP:LZCQFJKUAIWHRW-UHFFFAOYSA-N,LZCQFJKUAIWHRW-UHFFFAOYSA-N,CC1(C)C(=O)Nc2ccc(C3=NNC(=O)CC3)cc21,1
CMP:MATYBIXNDNXYMI-UHFFFAOYSA-N,MATYBIXNDNXYMI-UHFFFAOYSA-N,C=CCN(CC(C)=O)N=O,1
CMP:MBDNRNMVTZADMQ-UHFFFAOYSA-N,MBDNRNMVTZADMQ-UHFFFAOYSA-N,O=S1(=O)CC=CC1,0
CMP:MCJGNVYPOGVAJF-UHFFFAOYSA-N,MCJGNVYPOGVAJF-UHFFFAOYSA-N,Oc1cccc2cccnc12,0
CMP:MCSAJNNLRCFZED-UHFFFAOYSA-N,MCSAJNNLRCFZED-UHFFFAOYSA-N,CC[N+](=O)[O-],0
CMP:MCWXGJITAZMZEV-UHFFFAOYSA-N,MCWXGJITAZMZEV-UHFFFAOYSA-N,CNC(=O)CSP(=S)(OC)OC,0
CMP:MDACSTFMCAQQET-UHFFFAOYSA-N,MDACSTFMCAQQET-UHFFFAOYSA-N,O=NN1CCOC1=O,1
CMP:MHKLKWCYGIBEQF-UHFFFAOYSA-N,MHKLKWCYGIBEQF-UHFFFAOYSA-N,c1ccc2sc(SN3CCOCC3)nc2c1,0
CMP:MIJJGTDCQRHTPM-PLNGDYQASA-N,MIJJGTDCQRHTPM-PLNGDYQASA-N,CC/[N+]([O-])=N/C,1
CMP:MIWUTEVJIISHCP-UHFFFAOYSA-N,MIWUTEVJIISHCP-UHFFFAOYSA-N,O=[N+]([O-])c1cc(N(CCO)CCO)ccc1NCCO,0
CMP:MLGCXEBRWGEOQX-UHFFFAOYSA-N,MLGCXEBRWGEOQX-UHFFFAOYSA-N,O=S(=O)(c1ccc(Cl)cc1)c1cc(Cl)c(Cl)cc1Cl,0
CMP:MLUCVPSAIODCQM-NSCUHMNNSA-N,MLUCVPSAIODCQM-NSCUHMNNSA-N,C/C=C/C=O,1
CMP:MLVVTNIFHMERMU-UHFFFAOYSA-N,MLVVTNIFHMERMU-UHFFFAOYSA-N,NC(=O)Nc1[nH]c(=O)[nH]c1O,0
CMP:MMOXZBCLCQITDF-UHFFFAOYSA-N,MMOXZBCLCQITDF-UHFFFAOYSA-N,CCN(CC)C(=O)c1cccc(C)c1,0
CMP:MNIGYIKCFSPQRJ-UHFFFAOYSA-N,MNIGYIKCFSPQRJ-UHFFFAOYSA-N,CC(O)CN(CC(C)O)N=O,1
CMP:MOGASTIXMIUDMK-UHFFFAOYSA-N,MOGASTIXMIUDMK-UHFFFAOYSA-N,CC1=CC(C)(C)N(N=O)c2ccccc21,1
CMP:MOMKQYRYLQUFMV-UHFFFAOYSA-N,MOMKQYRYLQUFMV-UHFFFAOYSA-N,N=C(N)N=c1[nH]c(CSCCNc2nsnc2N)cs1,1
CMP:MPIROZKBCRIFBH-UHFFFAOYSA-N,MPIROZKBCRIFBH-UHFFFAOYSA-N,CC1CN(N=O)CC(C)N1C,1
CMP:MPKIJEUTPZPJFP-UHFFFAOYSA-N,MPKIJEUTPZPJFP-UHFFFAOYSA-N,Nc1ccc(Oc2ccc(N)c(N)c2)cc1,1
CMP:MPVDXIMFBOLMNW-UHFFFAOYSA-N,MPVDXIMFBOLMNW-UHFFFAOYSA-N,O=S(=O)(O)c1cc(S(=O)(=O)O)c2c(N=Nc3ccccc3)c(O)ccc2c1,0
CMP:MRBKEAMVRSLQPH-UHFFFAOYSA-N,MRBKEAMVRSLQPH-UHFFFAOYSA-N,COc1ccc(O)c(C(C)(C)C)c1,1
CMP:MROJXXOCABQVEF-UHFFFAOYSA-N,MROJXXOCABQVEF-UHFFFAOYSA-N,CC(=O)Nc1ccc(CC(=O)O)cc1,0
CMP:MVGSNCBCUWPVDA-UHFFFAOYSA-N,MVGSNCBCUWPVDA-UHFFFAOYSA-N,CC1=C(CC(=O)O)c2cc(F)ccc2C1=Cc1ccc(S(C)(=O)=O)cc1,0
CMP:MVPPADPHJFYWMZ-UHFFFAOYSA-N,MVPPADPHJFYWMZ-UHFFFAOYSA-N,Clc1ccccc1,0
CMP:MVWPTZQHBOWRTF-SMLWLWDZSA-N,MVWPTZQHBOWRTF-SMLWLWDZSA-N,C/C=C(\C)C(=O)O[C@@H]1CCN2CC=C(COC(=O)[C@](O)(C(C)C)[C@H](C)O)[C@H]12,1
CMP:MWQCHHACWWAQLJ-UHFFFAOYSA-N,MWQCHHACWWAQLJ-UHFFFAOYSA-N,O=C1CN=C(c2ccccc2)c2cc(Cl)ccc2N1CC1CC1,0
CMP:MWYHLEQJTQJHSS-UHFFFAOYSA-N,MWYHLEQJTQJHSS-UHFFFAOYSA-N,CCCc1c(OCCCCc2nn[nH]n2)ccc(C(C)=O)c1O,1
CMP:MXWJVTOOROXGIU-UHFFFAOYSA-N,MXWJVTOOROXGIU-UHFFFAOYSA-N,CCNc1nc(Cl)nc(NC(C)C)n1,0
CMP:MZHCENGPTKEIGP-UHFFFAOYSA-N,MZHCENGPTKEIGP-UHFFFAOYSA-N,CC(Oc1ccc(Cl)cc1Cl)C(=O)O,0
CMP:NALFRYPTRXKZPN-UHFFFAOYSA-N,NALFRYPTRXKZPN-UHFFFAOYSA-N,CC1CC(C)(C)CC(OOC(C)(C)C)(OOC(C)(C)C)C1,0
CMP:NALZTFARIYUCBY-UHFFFAOYSA-N,NALZTFARIYUCBY-UHFFFAOYSA-N,CCCC[N+](=O)[O-],0
CMP:NAYYNDKKHOIIOD-UHFFFAOYSA-N,NAYYNDKKHOIIOD-UHFFFAOYSA-N,NC(=O)c1ccccc1C(N)=O,0
CMP:NBZBKCUXIYYUSX-UHFFFAOYSA-N,NBZBKCUXIYYUSX-UHFFFAOYSA-N,O=C(O)CNCC(=O)O,0
CMP:NCXMLFZGDNKEPB-BFDQZDGFSA-N,NCXMLFZGDNKEPB-BFDQZDGFSA-N,C[C@@H]1C/C=C\C=C\C=C\C=C\[C@H](O[C@@H]2O[C@H](C)[C@@H](O)[C@H](N)[C@@H]2O)C[C@@H]2O[C@](O)(C[C@@H](O)C[C@H]3O[C@@H]3/C=C\C(=O)O1)C[C@H](O)[C@H]2C(=O)O,0
CMP:NDAUXUAQIAJITI-UHFFFAOYSA-N,NDAUXUAQIAJITI-UHFFFAOYSA-N,CC(C)(C)NCC(O)c1ccc(O)c(CO)c1,1
CMP:NEBPTMCRLHKPOB-UHFFFAOYSA-N,NEBPTMCRLHKPOB-UHFFFAOYSA-N,N#CC(c1ccccc1)c1ccccc1,0
CMP:NEHWGXHBNGZJNY-PTNGSMBKSA-N,NEHWGXHBNGZJNY-PTNGSMBKSA-N,C=C/C1=C/C(C)C(C)(OC(C)=O)C(=O)OCC2=CC[N+]3(C)CCC(OC1=O)C23O,1
CMP:NFBOHOGPQUYFRF-UHFFFAOYSA-N,NFBOHOGPQUYFRF-UHFFFAOYSA-N,c1ccc2c(c1)Oc1ccccc1O2,0
CMP:NGHTXZCKLWZPGK-UHFFFAOYSA-N,NGHTXZCKLWZPGK-UHFFFAOYSA-N,Cc1cccc(C)c1NC(=O)CN1CCCC1=O,0
CMP:NHUHCSRWZMLRLA-UHFFFAOYSA-N,NHUHCSRWZMLRLA-UHFFFAOYSA-N,Cc1noc(NS(=O)(=O)c2ccc(N)cc2)c1C,0
CMP:NIOPZPCMRQGZCE-UHFFFAOYSA-N,NIOPZPCMRQGZCE-UHFFFAOYSA-N,CC=CC(=O)Oc1c(C(C)CCCCCC)cc([N+](=O)[O-])cc1[N+](=O)[O-],0
CMP:NIPDVSLAMPAWTP-UHFFFAOYSA-N,NIPDVSLAMPAWTP-UHFFFAOYSA-N,COc1ccc([N+](=O)[O-])cc1N,1
CMP:NIRHEGBBHNJANV-UHFFFAOYSA-N,NIRHEGBBHNJANV-UHFFFAOYSA-N,O=NN1CCOC(O)C1,0
CMP:NLHHRLWOUZZQLW-UHFFFAOYSA-N,NLHHRLWOUZZQLW-UHFFFAOYSA-N,C=CC#N,1
CMP:NLJASJZSFGKTQT-UHFFFAOYSA-N,NLJASJZSFGKTQT-UHFFFAOYSA-N,C=CCN(CC(C)O)N=O,1
CMP:NMLIDGSGENKDLB-UHFFFAOYSA-N,NMLIDGSGENKDLB-UHFFFAOYSA-N,CCN(N)C=O,1
CMP:NMPVEAUIHMEAQP-UHFFFAOYSA-N,NMPVEAUIHMEAQP-UHFFFAOYSA-N,O=CCBr,0
CMP:NNJPGOLRFBJNIW-HNNXBMFYSA-N,NNJPGOLRFBJNIW-HNNXBMFYSA-N,CN[C@H]1CCc2cc(OC)c(OC)c(OC)c2-c2ccc(OC)c(=O)cc21,0
CMP:NNYBQONXHNTVIJ-UHFFFAOYSA-N,NNYBQONXHNTVIJ-UHFFFAOYSA-N,CCc1cccc2c3c([nH]c12)C(CC)(CC(=O)O)OCC3,0
CMP:NOLAXNLVEYHWHM-FPLPWBNLSA-N,NOLAXNLVEYHWHM-FPLPWBNLSA-N,CCC/N=[N+](\[O-])CCC,1
CMP:NOMAVCLLBXUQRD-UHFFFAOYSA-N,NOMAVCLLBXUQRD-UHFFFAOYSA-N,O=[N+]([O-])c1ccc(-c2cscn2)o1,1
CMP:NOOLISFMXDJSKH-UHFFFAOYSA-N,NOOLISFMXDJSKH-UHFFFAOYSA-N,CC1CCC(C(C)C)C(O)C1,0
CMP:NTUQAPWIPIIWLT-UHFFFAOYSA-N,NTUQAPWIPIIWLT-UHFFFAOYSA-N,O=NN1CCC(=O)NC1=O,1
CMP:NUFNQYOELLVIPL-UHFFFAOYSA-N,NUFNQYOELLVIPL-UHFFFAOYSA-N,O=C(O)c1cc(Oc2ccc(C(F)(F)F)cc2Cl)ccc1[N+](=O)[O-],1
CMP:NYPJDWWKZLNGGM-UHFFFAOYSA-N,NYPJDWWKZLNGGM-UHFFFAOYSA-N,CC(C)C(C(=O)OC(C#N)c1cccc(Oc2ccccc2)c1)c1ccc(Cl)cc1,0
CMP:NYTOUQBROMCLBJ-UHFFFAOYSA-N,NYTOUQBROMCLBJ-UHFFFAOYSA-N,O=[N+]([O-])C([N+](=O)[O-])([N+](=O)[O-])[N+](=O)[O-],1
CMP:ODCWYMIRDDJXKW-UHFFFAOYSA-N,ODCWYMIRDDJXKW-UHFFFAOYSA-N,CCNc1nc(Cl)nc(NCC)n1,0
CMP:OECTYKWYRCHAKR-UHFFFAOYSA-N,OECTYKWYRCHAKR-UHFFFAOYSA-N,C1CC2OC2CC1C1CO1,0
CMP:OEJNXTAZZBRGDN-UHFFFAOYSA-N,OEJNXTAZZBRGDN-UHFFFAOYSA-N,C=C1C(CCl)(CCl)C2(Cl)C(Cl)C(Cl)C1(Cl)C2(Cl)Cl,1
CMP:OELWBYBVFOLSTA-UHFFFAOYSA-N,OELWBYBVFOLSTA-UHFFFAOYSA-N,CCCCCN(CCCCC)N=O,1
CMP:OENHQHLEOONYIE-JLTXGRSLSA-N,OENHQHLEOONYIE-JLTXGRSLSA-N,CC1=C(/C=C/C(C)=C/C=C/C(C)=C/C=C/C=C(C)/C=C/C=C(C)/C=C/C2=C(C)CCCC2(C)C)C(C)(C)CCC1,0
CMP:OGRXKBUCZFFSTL-UHFFFAOYSA-N,OGRXKBUCZFFSTL-UHFFFAOYSA-N,CN(CCCC(O)c1cccnc1)N=O,1
CMP:OHDJGZUFFIQWCM-UHFFFAOYSA-N,OHDJGZUFFIQWCM-UHFFFAOYSA-N,CCN=C(N)N(N=O)[N+](=O)[O-],1
CMP:OHMHBGPWCHTMQE-UHFFFAOYSA-N,OHMHBGPWCHTMQE-UHFFFAOYSA-N,FC(F)(F)C(Cl)Cl,1
CMP:OHXAOPZTJOUYKM-UHFFFAOYSA-N,OHXAOPZTJOUYKM-UHFFFAOYSA-N,C=C(C)CCl,1
CMP:OJLOPKGSLYJEMD-URPKTTJQSA-N,OJLOPKGSLYJEMD-URPKTTJQSA-N,CCCCC(C)(O)C/C=C/[C@H]1[C@H](O)CC(=O)[C@@H]1CCCCCCC(=O)OC,0
CMP:OJYGBLRPYBAHRT-IPQSZEQASA-N,OJYGBLRPYBAHRT-IPQSZEQASA-N,OC[C@@H](O)[C@H]1O[C@@H]2O[C@H](C(Cl)(Cl)Cl)O[C@@H]2[C@H]1O,0
CMP:OKJPEAGHQZHRQV-UHFFFAOYSA-N,OKJPEAGHQZHRQV-UHFFFAOYSA-N,IC(I)I,0
CMP:OMDNEQQMLDYBTR-UHFFFAOYSA-N,OMDNEQQMLDYBTR-UHFFFAOYSA-N,O=NN1CCSCC1,1
CMP:OMPJBNCRMGITSC-UHFFFAOYSA-N,OMPJBNCRMGITSC-UHFFFAOYSA-N,O=C(OOC(=O)c1ccccc1)c1ccccc1,0
CMP:OPNPQXLQERQBBV-UHFFFAOYSA-N,OPNPQXLQERQBBV-UHFFFAOYSA-N,CCC(Br)(CC)C(=O)NC(N)=O,0
CMP:OQIQSTLJSLGHID-WNWIJWBNSA-N,OQIQSTLJSLGHID-WNWIJWBNSA-N,COc1cc2c(c3oc(=O)c4c(c13)CCC4=O)[C@@H]1C=CO[C@@H]1O2,1
CMP:OQQYJPVCDFFEIV-UHFFFAOYSA-N,OQQYJPVCDFFEIV-UHFFFAOYSA-N,Cc1cc(C)c(N=Nc2c(O)c(S(=O)(=O)O)cc3cc(S(=O)(=O)O)ccc23)cc1C,1
CMP:OROGSEYTTFOCAN-DNJOTXNNSA-N,OROGSEYTTFOCAN-DNJOTXNNSA-N,COc1ccc2c3c1O[C@H]1[C@@H](O)C=C[C@H]4[C@@H](C2)N(C)CC[C@@]341,0
CMP:OSFMMSIDSIQFIT-UHFFFAOYSA-N,OSFMMSIDSIQFIT-UHFFFAOYSA-N,CC(=O)Nc1nc(NC(C)=O)nc(-c2ccc([N+](=O)[O-])o2)n1,1
CMP:OTVAEFIXJLOWRX-NXEZZACHSA-N,OTVAEFIXJLOWRX-NXEZZACHSA-N,CS(=O)(=O)c1ccc([C@@H](O)[C@@H](CO)NC(=O)C(Cl)Cl)cc1,0
CMP:OUDSBRTVNLOZBN-UHFFFAOYSA-N,OUDSBRTVNLOZBN-UHFFFAOYSA-N,Cc1ccc(S(=O)(=O)NC(=O)NN2CCCCCC2)cc1,0
CMP:OWGLVQAUSIPFBA-UHFFFAOYSA-N,OWGLVQAUSIPFBA-UHFFFAOYSA-N,CCCCNC(=O)N(CCCC)N=O,1
CMP:OWXJKYNZGFSVRC-UHFFFAOYSA-N,OWXJKYNZGFSVRC-UHFFFAOYSA-N,CC=CCl,1
CMP:OWZPCEFYPSAJFR-UHFFFAOYSA-N,OWZPCEFYPSAJFR-UHFFFAOYSA-N,CCC(C)c1cc([N+](=O)[O-])cc([N+](=O)[O-])c1O,0
CMP:OWZREIFADZCYQD-NSHGMRRFSA-N,OWZREIFADZCYQD-NSHGMRRFSA-N,CC1(C)[C@H](C(=O)O[C@H](C#N)c2cccc(Oc3ccccc3)c2)[C@@H]1C=C(Br)Br,0
CMP:OXOFHXPNTQSFHN-UHFFFAOYSA-N,OXOFHXPNTQSFHN-UHFFFAOYSA-N,COC1COC(OC2COC(OC3COC(OC4COC(OC)C(OS(=O)(=O)O)C4OS(=O)(=O)O)C(OC4OC(C(=O)O)C(OC)C(OS(=O)(=O)O)C4OS(=O)(=O)O)C3OS(=O)(=O)O)C(OS(=O)(=O)O)C2OS(=O)(=O)O)C(OS(=O)(=O)O)C1OS(=O)(=O)O,0
CMP:OZFAFGSSMRRTDW-UHFFFAOYSA-N,OZFAFGSSMRRTDW-UHFFFAOYSA-N,O=S(=O)(Oc1ccc(Cl)cc1Cl)c1ccccc1,0
CMP:OZQDLJNDRVBCST-SHUUEZRQSA-N,OZQDLJNDRVBCST-SHUUEZRQSA-N,Nc1cnn([C@@H]2O[C@H](CO)[C@@H](O)[C@H]2O)c(=O)n1,0
CMP:OZSPQIXKOVJJGE-UHFFFAOYSA-N,OZSPQIXKOVJJGE-UHFFFAOYSA-N,CCOCCc1c(-c2ccccc2)nc(N)n2ncnc12,1
CMP:PAAZPARNPHGIKF-UHFFFAOYSA-N,PAAZPARNPHGIKF-UHFFFAOYSA-N,BrCCBr,1
CMP:PAFZNILMFXTMIY-UHFFFAOYSA-N,PAFZNILMFXTMIY-UHFFFAOYSA-N,NC1CCCCC1,0
CMP:PAYRUJLWNCNPSJ-UHFFFAOYSA-N,PAYRUJLWNCNPSJ-UHFFFAOYSA-N,Nc1ccccc1,0
CMP:PCEAPJVBSINMNW-UHFFFAOYSA-N,PCEAPJVBSINMNW-UHFFFAOYSA-N,Brc1cc(-c2ccc(Br)c(Br)c2Br)cc(Br)c1Br,0
CMP:PCNFLKVWBDNNOW-UHFFFAOYSA-N,PCNFLKVWBDNNOW-UHFFFAOYSA-N,NNc1ccc(C(=O)O)cc1,0
CMP:PDQAZBWRQCGBEV-UHFFFAOYSA-N,PDQAZBWRQCGBEV-UHFFFAOYSA-N,S=C1NCCN1,1
CMP:PEDCQBHIVMGVHV-UHFFFAOYSA-N,PEDCQBHIVMGVHV-UHFFFAOYSA-N,OCC(O)CO,0
CMP:PFEFOYRSMXVNEL-UHFFFAOYSA-N,PFEFOYRSMXVNEL-UHFFFAOYSA-N,CC(C)(C)c1cc(C(C)(C)C)c(O)c(C(C)(C)C)c1,0
CMP:PGLTVOMIXTUURA-UHFFFAOYSA-N,PGLTVOMIXTUURA-UHFFFAOYSA-N,NC(=O)CI,0
CMP:PHNUZKMIPFFYSO-UHFFFAOYSA-N,PHNUZKMIPFFYSO-UHFFFAOYSA-N,C#CC(C)(C)NC(=O)c1cc(Cl)cc(Cl)c1,1
CMP:PIVQQUNOTICCSA-UHFFFAOYSA-N,PIVQQUNOTICCSA-UHFFFAOYSA-N,NC(=S)Nc1cccc2ccccc12,0
CMP:PIWKPBJCKXDKJR-UHFFFAOYSA-N,PIWKPBJCKXDKJR-UHFFFAOYSA-N,FC(F)OC(Cl)C(F)(F)F,0
CMP:PKLPQOJFHFGVBS-UHFFFAOYSA-N,PKLPQOJFHFGVBS-UHFFFAOYSA-N,CC(=O)c1c(O)cc(C)oc1=O,0
CMP:PKYKNPLSFOKASK-UHFFFAOYSA-N,PKYKNPLSFOKASK-UHFFFAOYSA-N,CCCCc1c(O)n(-c2ccccc2)n(-c2ccccc2)c1=O,0
CMP:PLAZTCDQAHEYBI-UHFFFAOYSA-N,PLAZTCDQAHEYBI-UHFFFAOYSA-N,Cc1ccccc1[N+](=O)[O-],1
CMP:PMBVHCCVEPYDSN-BADCMNFISA-N,PMBVHCCVEPYDSN-BADCMNFISA-N,CC[C@@H]1NC(=O)[C@@H]2[C@H](Cl)[C@H](Cl)CN2C(=O)[C@H](CO)NC(=O)C[C@H](c2ccccc2)NC(=O)[C@H](CO)NC1=O,1
CMP:PNENOUKIPPERMY-UHFFFAOYSA-N,PNENOUKIPPERMY-UHFFFAOYSA-N,O=[N+]([O-])c1ccc(NCCO)c(OCCO)c1,0
CMP:POAOYUHQDCAZBD-UHFFFAOYSA-N,POAOYUHQDCAZBD-UHFFFAOYSA-N,CCCCOCCO,0
CMP:PQYJRMFWJJONBO-UHFFFAOYSA-N,PQYJRMFWJJONBO-UHFFFAOYSA-N,O=P(OCC(Br)CBr)(OCC(Br)CBr)OCC(Br)CBr,1
CMP:PREXGTBZMLDXHV-UHFFFAOYSA-N,PREXGTBZMLDXHV-UHFFFAOYSA-N,O=NN1CCCCO1,1
CMP:PRPINYUDVPFIRX-UHFFFAOYSA-N,PRPINYUDVPFIRX-UHFFFAOYSA-N,O=C(O)Cc1cccc2ccccc12,0
CMP:PSWOBQSIXLVPDV-UHFFFAOYSA-N,PSWOBQSIXLVPDV-UHFFFAOYSA-N,COc1cc(C=NNC(=O)c2ccncc2)ccc1O,1
CMP:PVNIIMVLHYAWGP-UHFFFAOYSA-N,PVNIIMVLHYAWGP-UHFFFAOYSA-N,O=C(O)c1cccnc1,0
CMP:PVTUERPXLWOPRX-RQSAQSMCSA-N,PVTUERPXLWOPRX-RQSAQSMCSA-N,CC1C[C@H]2O[C@@H]3[C@H](O)C[C@@](C)([C@]34CO4)[C@@]2(CO)C(=O)C1=O,0
CMP:PWKSKIMOESPYIA-BYPYZUCNSA-N,PWKSKIMOESPYIA-BYPYZUCNSA-N,CC(=O)N[C@@H](CS)C(=O)O,0
CMP:PXBRQCKWGAHEHS-UHFFFAOYSA-N,PXBRQCKWGAHEHS-UHFFFAOYSA-N,FC(F)(Cl)Cl,0
CMP:PYGNVSDRIIPHQP-UHFFFAOYSA-N,PYGNVSDRIIPHQP-UHFFFAOYSA-N,CC(=O)Nc1ccc2c(c1)C(=O)c1ccccc1-2,1
CMP:QAIPRVGONGVQAS-UHFFFAOYSA-N,QAIPRVGONGVQAS-UHFFFAOYSA-N,O=C(O)C=Cc1ccc(O)c(O)c1,1
CMP:QBPFLULOKWLNNW-UHFFFAOYSA-N,QBPFLULOKWLNNW-UHFFFAOYSA-N,O=C1c2cccc(O)c2C(=O)c2c(O)cccc21,1
CMP:QBYJBZPUGVGKQQ-SJJAEHHWSA-N,QBYJBZPUGVGKQQ-SJJAEHHWSA-N,ClC1=C(Cl)[C@]2(Cl)[C@H]3[C@H]([C@@H]4C=C[C@H]3C4)[C@@]1(Cl)C2(Cl)Cl,0
CMP:QEQYAQFYVFRGQD-YFKPBYRVSA-N,QEQYAQFYVFRGQD-YFKPBYRVSA-N,CN(N=O)C(=O)NCCC[C@H](N)C(=O)O,1
CMP:QFMDFTQOJHFVNR-UHFFFAOYSA-N,QFMDFTQOJHFVNR-UHFFFAOYSA-N,CCc1ccc(C(c2ccc(CC)cc2)C(Cl)Cl)cc1,0
CMP:QFOHBWFCKVYLES-UHFFFAOYSA-N,QFOHBWFCKVYLES-UHFFFAOYSA-N,CCCCOC(=O)c1ccc(O)cc1,0
CMP:QGLZXHRNAYXIBU-UHFFFAOYSA-N,QGLZXHRNAYXIBU-UHFFFAOYSA-N,CNC(=O)ON=CC(C)(C)SC,0
CMP:QHEYFBGFAQOPBZ-UHFFFAOYSA-N,QHEYFBGFAQOPBZ-UHFFFAOYSA-N,ClCOCCCCCCOCCl,0
CMP:QHOZSLCIKHUPSU-LPLKQDONSA-N,QHOZSLCIKHUPSU-LPLKQDONSA-N,C/C=C(/C)C(=O)O[C@H]1CCN2CC=C(COC(=O)[C@@](O)([C@H](C)OC)C(C)(C)O)[C@H]12,1
CMP:QIVBCDIJIAJPQS-UHFFFAOYSA-N,QIVBCDIJIAJPQS-UHFFFAOYSA-N,NC(Cc1c[nH]c2ccccc12)C(=O)O,0
CMP:QIVBCDIJIAJPQS-VIFPVBQESA-N,QIVBCDIJIAJPQS-VIFPVBQESA-N,N[C@@H](Cc1c[nH]c2ccccc12)C(=O)O,0
CMP:QLKWZSDBTUTCIJ-PPRDQHCASA-N,QLKWZSDBTUTCIJ-PPRDQHCASA-N,CN(C)/C=N/c1nnc(/C=C/c2ccc([N+](=O)[O-])o2)o1,1
CMP:QOFQTBTZCJVITI-UHFFFAOYSA-N,QOFQTBTZCJVITI-UHFFFAOYSA-N,CN1C(C(=O)Nc2ccccn2)C(=O)c2sc(Cl)cc2S1(=O)=O,0
CMP:QPDGFLZXRKDMRL-UHFFFAOYSA-N,QPDGFLZXRKDMRL-UHFFFAOYSA-N,O=[N+]([O-])c1ccc(-c2nc(N(CCO)CCO)c3ccccc3n2)s1,1
CMP:QPUKANZXOGADOB-UHFFFAOYSA-N,QPUKANZXOGADOB-UHFFFAOYSA-N,CCCCCCCCCCCCN(C)N=O,1
CMP:QRMNFHXPNKCTAG-VQHVLOKHSA-N,QRMNFHXPNKCTAG-VQHVLOKHSA-N,CCCCC/C=N/N(C)C=O,1
CMP:QRUDEWIWKLJBPS-UHFFFAOYSA-N,QRUDEWIWKLJBPS-UHFFFAOYSA-N,c1ccc2[nH]nnc2c1,0
CMP:QRXWMOHMRWLFEY-UHFFFAOYSA-N,QRXWMOHMRWLFEY-UHFFFAOYSA-N,NNC(=O)c1ccncc1,1
CMP:QSNSCYSYFYORTR-UHFFFAOYSA-N,QSNSCYSYFYORTR-UHFFFAOYSA-N,Nc1ccc(Cl)cc1,0
CMP:QUDWYFHPNIMBFC-UHFFFAOYSA-N,QUDWYFHPNIMBFC-UHFFFAOYSA-N,C=CCOC(=O)c1ccccc1C(=O)OCC=C,0
CMP:QUEDXNHFTDJVIY-UHFFFAOYSA-N,QUEDXNHFTDJVIY-UHFFFAOYSA-N,Cc1c(O)cc2c(c1C)OC(C)(CCCC(C)CCCC(C)CCCC(C)C)CC2,1
CMP:QUWSDLYBOVGOCW-UHFFFAOYSA-N,QUWSDLYBOVGOCW-UHFFFAOYSA-N,Clc1ccc(Sc2cc(Cl)c(Cl)cc2Cl)cc1,0
CMP:QXSIYYQGSPCIHN-UHFFFAOYSA-N,QXSIYYQGSPCIHN-UHFFFAOYSA-N,CN(C)Nc1nc(-c2ccc([N+](=O)[O-])o2)cs1,1
CMP:QYPPRTNMGCREIM-UHFFFAOYSA-N,QYPPRTNMGCREIM-UHFFFAOYSA-N,C[As](=O)(O)O,0
CMP:QYZJZOXEQZLXDY-UHFFFAOYSA-N,QYZJZOXEQZLXDY-UHFFFAOYSA-N,O=c1c(CO)cc(=NNc2ccc(S(=O)(=O)O)c3ccccc23)c(=O)c1=NNc1ccc(S(=O)(=O)O)c2ccccc12,0
CMP:QZVCTJOXCFMACW-UHFFFAOYSA-N,QZVCTJOXCFMACW-UHFFFAOYSA-N,CC(COc1ccccc1)N(CCCl)Cc1ccccc1,1
CMP:RADRBZBLNXVQEU-UHFFFAOYSA-N,RADRBZBLNXVQEU-UHFFFAOYSA-N,Cc1c(C)c(O)c(C(=CCCCCC(=O)O)c2ccccc2)c(C)c1O,0
CMP:RAUQLNDTFONODT-UHFFFAOYSA-N,RAUQLNDTFONODT-UHFFFAOYSA-N,CCOC(=O)N(CC)N=O,1
CMP:RAUWPNXIALNKQM-UHFFFAOYSA-N,RAUWPNXIALNKQM-UHFFFAOYSA-N,Nc1ccc([N+](=O)[O-])cc1N,0
CMP:RCGYDFVCAAKKNG-UHFFFAOYSA-N,RCGYDFVCAAKKNG-UHFFFAOYSA-N,CN(C)CCN(Cc1ccsc1)c1ccccn1,0
CMP:RDHPKYGYEGBMSE-UHFFFAOYSA-N,RDHPKYGYEGBMSE-UHFFFAOYSA-N,CCBr,1
CMP:RDYMFSUJUZBWLH-UHFFFAOYSA-N,RDYMFSUJUZBWLH-UHFFFAOYSA-N,O=S1OCC2C(CO1)C1(Cl)C(Cl)=C(Cl)C2(Cl)C1(Cl)Cl,0
CMP:REQPQFUJGGOFQL-UHFFFAOYSA-N,REQPQFUJGGOFQL-UHFFFAOYSA-N,CN(C)C(=S)SC(=S)N(C)C,0
CMP:RFHAOTPXVQNOHP-UHFFFAOYSA-N,RFHAOTPXVQNOHP-UHFFFAOYSA-N,OC(Cn1cncn1)(Cn1cncn1)c1ccc(F)cc1F,0
CMP:RHMXXJGYXNZAPX-UHFFFAOYSA-N,RHMXXJGYXNZAPX-UHFFFAOYSA-N,Cc1cc(O)c2c(c1)C(=O)c1cc(O)cc(O)c1C2=O,0
CMP:RIBGNAJQTOXRDK-UHFFFAOYSA-N,RIBGNAJQTOXRDK-UHFFFAOYSA-N,Clc1cccc(-c2cc(Cl)cc(Cl)c2)c1,1
CMP:RIKJWJIWXCUKQV-UHFFFAOYSA-N,RIKJWJIWXCUKQV-UHFFFAOYSA-N,Nc1nc(-c2ccc([N+](=O)[O-])cc2)cs1,1
CMP:RJIPASZIRLEOEO-UHFFFAOYSA-N,RJIPASZIRLEOEO-UHFFFAOYSA-N,O=NN1CCOC1,1
CMP:RJKGJBPXVHTNJL-UHFFFAOYSA-N,RJKGJBPXVHTNJL-UHFFFAOYSA-N,O=[N+]([O-])c1cccc2ccccc12,0
CMP:RKUNBYITZUJHSG-PJPHBNEVSA-N,RKUNBYITZUJHSG-PJPHBNEVSA-N,CN1[C@@H]2CC[C@H]1CC(OC(=O)C(CO)c1ccccc1)C2,0
CMP:RKWGIWYCVPQPMF-UHFFFAOYSA-N,RKWGIWYCVPQPMF-UHFFFAOYSA-N,CCCNC(=O)NS(=O)(=O)c1ccc(Cl)cc1,0
CMP:RLBIQVVOMOPOHC-UHFFFAOYSA-N,RLBIQVVOMOPOHC-UHFFFAOYSA-N,COP(=S)(OC)Oc1ccc([N+](=O)[O-])cc1,0
CMP:RMMXTBMQSGEXHJ-UHFFFAOYSA-N,RMMXTBMQSGEXHJ-UHFFFAOYSA-N,Cc1c(N(C)C)c(=O)n(-c2ccccc2)n1C,0
CMP:RMSWMRJVUJSDGN-UHFFFAOYSA-N,RMSWMRJVUJSDGN-UHFFFAOYSA-N,Cc1nnc2n1-c1sc(CCc3ccc(CC(C)C)cc3)cc1C(c1ccccc1Cl)=NC2C,0
CMP:RNNBHZYEKNHLKT-UHFFFAOYSA-N,RNNBHZYEKNHLKT-UHFFFAOYSA-N,Cc1cc(OC(=O)N(C)C)n(C(C)C)n1,0
CMP:RQKFYFNZSHWXAW-UHFFFAOYSA-N,RQKFYFNZSHWXAW-UHFFFAOYSA-N,Cc1ccc(N)cc1Cl,0
CMP:RRAFCDWBNXTKKO-UHFFFAOYSA-N,RRAFCDWBNXTKKO-UHFFFAOYSA-N,C=CCc1ccc(O)c(OC)c1,0
CMP:RRHGJUQNOFWUDK-UHFFFAOYSA-N,RRHGJUQNOFWUDK-UHFFFAOYSA-N,C=CC(=C)C,1
CMP:RRRUXBQSQLKHEL-UHFFFAOYSA-N,RRRUXBQSQLKHEL-UHFFFAOYSA-N,COc1ccc(C(=O)Nc2c(Cl)cncc2Cl)cc1OC1CCCC1,1
CMP:RRSXICBKOPODSP-UHFFFAOYSA-N,RRSXICBKOPODSP-UHFFFAOYSA-N,ClCOCCCCOCCl,0
CMP:RSFOTOSOKJMMCB-UHFFFAOYSA-N,RSFOTOSOKJMMCB-UHFFFAOYSA-N,CN(N)C=O,1
CMP:RSPJLZQIZABVSE-UHFFFAOYSA-N,RSPJLZQIZABVSE-UHFFFAOYSA-N,COc1cc(O)c2c(=O)c3c(OC)cc4c(c3oc2c1OC)C1C=COC1O4,1
CMP:RTDCJKARQCRONF-UHFFFAOYSA-N,RTDCJKARQCRONF-UHFFFAOYSA-N,CCN(C)N=O,1
CMP:RUFPHBVGCFYCNW-UHFFFAOYSA-N,RUFPHBVGCFYCNW-UHFFFAOYSA-N,Nc1cccc2ccccc12,1
CMP:RUPMSBPCFQDMAY-UHFFFAOYSA-N,RUPMSBPCFQDMAY-UHFFFAOYSA-N,C=CC(O)c1ccc(OC)cc1,1
CMP:RXERRVKLABZRCU-UHFFFAOYSA-N,RXERRVKLABZRCU-UHFFFAOYSA-N,CC(=O)Nc1ccc(S(=O)(=O)O)c2cc(S(=O)(=O)O)c(N=Nc3ccc(N=Nc4ccc(S(=O)(=O)O)cc4)c4ccc(S(=O)(=O)O)cc34)c(O)c12,0
CMP:RXPKOTQRDGEKFY-UHFFFAOYSA-N,RXPKOTQRDGEKFY-UHFFFAOYSA-N,CCC(CC)[N+](=O)[O-],1
CMP:RXXXJEQCRPLSOQ-UHFFFAOYSA-N,RXXXJEQCRPLSOQ-UHFFFAOYSA-N,CCN(N=O)C(=O)NCCO,1
CMP:RYBISXUKVTYYNN-UHFFFAOYSA-N,RYBISXUKVTYYNN-UHFFFAOYSA-N,Cc1cc(C)nc(-c2ccc([N+](=O)[O-])o2)n1,1
CMP:RYHBNJHYFVUHQT-UHFFFAOYSA-N,RYHBNJHYFVUHQT-UHFFFAOYSA-N,C1COCCO1,1
CMP:RYYVLZVUVIJVGH-UHFFFAOYSA-N,RYYVLZVUVIJVGH-UHFFFAOYSA-N,Cn1c(=O)c2c(ncn2C)n(C)c1=O,0
CMP:RZCKTPORLKUFGY-UHFFFAOYSA-N,RZCKTPORLKUFGY-UHFFFAOYSA-N,Cc1cccc(Nc2cc(Cl)nc(SCC(=O)NCCO)n2)c1C,1
CMP:RZILCCPWPBTYDO-UHFFFAOYSA-N,RZILCCPWPBTYDO-UHFFFAOYSA-N,CN(C)C(=O)Nc1cccc(C(F)(F)F)c1,0
CMP:RZXLPPRPEOUENN-UHFFFAOYSA-N,RZXLPPRPEOUENN-UHFFFAOYSA-N,O=S(=O)(Oc1ccc(Cl)cc1)c1ccc(Cl)cc1,0
CMP:SBNKFTQSBPKMBZ-UHFFFAOYSA-N,SBNKFTQSBPKMBZ-UHFFFAOYSA-N,CCOc1ccccc1C(N)=O,1
CMP:SBPBAQFWLVIOKP-UHFFFAOYSA-N,SBPBAQFWLVIOKP-UHFFFAOYSA-N,CCOP(=S)(OCC)Oc1nc(Cl)c(Cl)cc1Cl,0
CMP:SCVJRXQHFJXZFZ-KVQBGUIXSA-N,SCVJRXQHFJXZFZ-KVQBGUIXSA-N,Nc1nc(=S)c2ncn([C@H]3C[C@H](O)[C@@H](CO)O3)c2[nH]1,1
CMP:SCYULBFZEHDVBN-UHFFFAOYSA-N,SCYULBFZEHDVBN-UHFFFAOYSA-N,CC(Cl)Cl,0
CMP:SEBIKDIMAPSUBY-OVWCXOJYSA-N,SEBIKDIMAPSUBY-OVWCXOJYSA-N,CC(/C=C/C=C(\C)C(=O)O[C@@H]1O[C@H](CO[C@@H]2O[C@H](CO)[C@@H](O)[C@H](O)[C@H]2O)[C@@H](O)[C@H](O)C1O)=C\C=C\C=C(C)\C=C\C=C(/C)C(=O)O[C@@H]1O[C@H](CO[C@@H]2O[C@H](CO)[C@@H](O)[C@H](O)[C@H]2O)[C@@H](O)[C@H](O)[C@H]1O,0
CMP:SEOVTRFCIGRIMH-UHFFFAOYSA-N,SEOVTRFCIGRIMH-UHFFFAOYSA-N,O=C(O)Cc1c[nH]c2ccccc12,0
CMP:SEQDDYPDSLOBDC-UHFFFAOYSA-N,SEQDDYPDSLOBDC-UHFFFAOYSA-N,CN1C(=O)C(O)N=C(c2ccccc2)c2cc(Cl)ccc21,0
CMP:SERLAGPUMNYUCK-BLEZHGCXSA-N,SERLAGPUMNYUCK-BLEZHGCXSA-N,OCC(O)[C@@H](O)[C@H](O)[C@H](O)CO[C@H]1O[C@H](CO)[C@@H](O)[C@H](O)[C@H]1O,0
CMP:SGDBTWWWUNNDEQ-LBPRGKRZSA-N,SGDBTWWWUNNDEQ-LBPRGKRZSA-N,N[C@@H](Cc1ccc(N(CCCl)CCCl)cc1)C(=O)O,1
CMP:SGEJQUSYQTVSIU-UHFFFAOYSA-N,SGEJQUSYQTVSIU-UHFFFAOYSA-N,CCCCN(CC)C(=O)SCCC,0
CMP:SIGHAVOYMKYMPO-RMHMMWFCSA-N,SIGHAVOYMKYMPO-RMHMMWFCSA-N,Cc1ccc(S(=O)(=O)Oc2ccc(/N=N/c3ccc(-c4ccc(N=Nc5c(O)ccc6cc(S(=O)(=O)O)cc(S(=O)(=O)O)c56)c(C)c4)cc3C)cc2)cc1,1
CMP:SIKJAQJRHWYJAI-UHFFFAOYSA-N,SIKJAQJRHWYJAI-UHFFFAOYSA-N,c1ccc2[nH]ccc2c1,0
CMP:SJLBIPLIGYWGJV-UHFFFAOYSA-N,SJLBIPLIGYWGJV-UHFFFAOYSA-N,CN(CCCC(=O)O)N=O,1
CMP:SKNCUWLBDFPISU-UHFFFAOYSA-N,SKNCUWLBDFPISU-UHFFFAOYSA-N,CC(=O)N(C(C)=O)c1cccc2c1Cc1ccccc1-2,1
CMP:SLINHMUFWFWBMU-UHFFFAOYSA-N,SLINHMUFWFWBMU-UHFFFAOYSA-N,CC(O)CN(CC(C)O)CC(C)O,0
CMP:SMEROWZSTRWXGI-HVATVPOCSA-N,SMEROWZSTRWXGI-HVATVPOCSA-N,C[C@H](CCC(=O)O)[C@H]1CC[C@H]2[C@@H]3CC[C@@H]4C[C@H](O)CC[C@]4(C)[C@H]3CC[C@]12C,0
CMP:SMPZPKRDRQOOHT-UHFFFAOYSA-N,SMPZPKRDRQOOHT-UHFFFAOYSA-N,COc1cc2c(c3c1c(=O)c1ccccc1n3C)C=CC(C)(C)O2,1
CMP:SMYMJHWAQXWPDB-UHFFFAOYSA-N,SMYMJHWAQXWPDB-UHFFFAOYSA-N,O=C(O)COc1cc(Cl)c(Cl)cc1Cl,0
CMP:SNICXCGAKADSCV-JTQLQIEISA-N,SNICXCGAKADSCV-JTQLQIEISA-N,CN1CCC[C@H]1c1cccnc1,0
CMP:SNIOPGDIGTZGOP-UHFFFAOYSA-N,SNIOPGDIGTZGOP-UHFFFAOYSA-N,O=[N+]([O-])OCC(CO[N+](=O)[O-])O[N+](=O)[O-],1
CMP:SNKTZBNDUVWOAZ-UHFFFAOYSA-N,SNKTZBNDUVWOAZ-UHFFFAOYSA-N,O=NN1CCC1,1
CMP:SPANOECCGNXGNR-UHFFFAOYSA-N,SPANOECCGNXGNR-UHFFFAOYSA-N,CC(C)N(C(=O)SCC(Cl)=CCl)C(C)C,1
CMP:SPVAQUCGELAFGL-UHFFFAOYSA-N,SPVAQUCGELAFGL-UHFFFAOYSA-N,COc1cc(N)ccc1N=Nc1ccccc1,0
CMP:SRPCPRSDICCCRQ-UHFFFAOYSA-N,SRPCPRSDICCCRQ-UHFFFAOYSA-N,O=S(=O)(O)c1c(N=Nc2c(O)ccc3ccccc23)ccc2ccccc12,0
CMP:SRSPQXBFDCGXIZ-JTQLQIEISA-N,SRSPQXBFDCGXIZ-JTQLQIEISA-N,N[C@@H](CCC(=O)NNc1ccc(CO)cc1)C(=O)O,0
CMP:SRSYSQPJIQFKKN-UHFFFAOYSA-N,SRSYSQPJIQFKKN-UHFFFAOYSA-N,CC(C)CN(N=O)C(N)=O,1
CMP:SSPVLHFEMWOTGD-LURJTMIESA-N,SSPVLHFEMWOTGD-LURJTMIESA-N,C[C@H]1CCCCN1N=O,1
CMP:SSPVLHFEMWOTGD-ZCFIWIBFSA-N,SSPVLHFEMWOTGD-ZCFIWIBFSA-N,C[C@@H]1CCCCN1N=O,1
CMP:SSZWWUDQMAHNAQ-UHFFFAOYSA-N,SSZWWUDQMAHNAQ-UHFFFAOYSA-N,OCC(O)CCl,0
CMP:SUBDBMMJDZJVOS-UHFFFAOYSA-N,SUBDBMMJDZJVOS-UHFFFAOYSA-N,COc1ccc2[nH]c([S+]([O-])Cc3ncc(C)c(OC)c3C)nc2c1,1
CMP:SUGZATOHBPXTDV-UHFFFAOYSA-N,SUGZATOHBPXTDV-UHFFFAOYSA-N,CCC(C)[N+](=O)[O-],1
CMP:SUJOMVHQTCCFTH-UHFFFAOYSA-N,SUJOMVHQTCCFTH-UHFFFAOYSA-N,Cc1ccc(S(=O)(=O)OCCN(C)N=O)cc1,1
CMP:SVCNNZDUGWLODJ-RAYFHMIRSA-N,SVCNNZDUGWLODJ-RAYFHMIRSA-N,C=C1C/C(=C/C)C(=O)O[C@@H]2CCN3CC=C(COC(=O)[C@@]1(O)CO)[C@H]23,1
CMP:SVLDILRDQOVJED-UHFFFAOYSA-N,SVLDILRDQOVJED-UHFFFAOYSA-N,CC(=O)Nc1ccc(-c2ccccc2)cc1,1
CMP:SVPKNMBRVBMTLB-UHFFFAOYSA-N,SVPKNMBRVBMTLB-UHFFFAOYSA-N,O=C1C(Cl)=C(Cl)C(=O)c2ccccc21,0
CMP:SWXSJBPKOPJPJL-UHFFFAOYSA-N,SWXSJBPKOPJPJL-UHFFFAOYSA-N,ClCOCC(COCCl)OCCl,1
CMP:SXHWIUYWGJFLKB-UHFFFAOYSA-N,SXHWIUYWGJFLKB-UHFFFAOYSA-N,C#CC(OC(N)=O)(c1ccccc1)c1ccc(Cl)cc1,1
CMP:SXSWSYRFTJDJTA-UHFFFAOYSA-N,SXSWSYRFTJDJTA-UHFFFAOYSA-N,O=C(O)c1[nH]n(-c2ccc(S(=O)(=O)O)cc2)c(=O)c1N=Nc1ccc(S(=O)(=O)O)cc1,0
CMP:SXZZHGJWUBJKHH-UHFFFAOYSA-N,SXZZHGJWUBJKHH-UHFFFAOYSA-N,Nc1nnc(-c2ccc([N+](=O)[O-])o2)s1,1
CMP:SYELZBGXAIXKHU-UHFFFAOYSA-N,SYELZBGXAIXKHU-UHFFFAOYSA-N,CCCCCCCCCCCC[N+](C)(C)[O-],0
CMP:SZOHWYCBDJPVGO-WAYWQWQTSA-N,SZOHWYCBDJPVGO-WAYWQWQTSA-N,CC/N=[N+](\[O-])CC,1
CMP:TVWOWDDBXAFQDG-UHFFFAOYSA-N,TVWOWDDBXAFQDG-UHFFFAOYSA-N,O=S(=O)(O)c1ccc(N=Nc2cc(S(=O)(=O)O)c3ccccc3c2O)c2ccccc12,0
CMP:TWBYWOBDOCUKOW-UHFFFAOYSA-N,TWBYWOBDOCUKOW-UHFFFAOYSA-N,O=C(O)c1ccncc1,0
CMP:TYMLOMAKGOJONV-UHFFFAOYSA-N,TYMLOMAKGOJONV-UHFFFAOYSA-N,Nc1ccc([N+](=O)[O-])cc1,0
CMP:TZBWQIWBMMBFBF-UHFFFAOYSA-N,TZBWQIWBMMBFBF-UHFFFAOYSA-N,CCCCCCCCCCCN(C)N=O,1
CMP:TZRXHJWUDPFEEY-UHFFFAOYSA-N,TZRXHJWUDPFEEY-UHFFFAOYSA-N,O=[N+]([O-])OCC(CO[N+](=O)[O-])(CO[N+](=O)[O-])CO[N+](=O)[O-],0
CMP:UATJOMSPNYCXIX-UHFFFAOYSA-N,UATJOMSPNYCXIX-UHFFFAOYSA-N,O=[N+]([O-])c1cc([N+](=O)[O-])cc([N+](=O)[O-])c1,0
CMP:UBMCASIEYGYFCF-UHFFFAOYSA-N,UBMCASIEYGYFCF-UHFFFAOYSA-N,CC(=O)C(=NNc1ccc(Cl)cc1Cl)C(=O)Nc1ccc(-c2ccc(NC(=O)C(=NNc3ccc(Cl)cc3Cl)C(C)=O)c(C)c2)cc1C,0
CMP:UBXSITBCVLNRNX-UHFFFAOYSA-N,UBXSITBCVLNRNX-UHFFFAOYSA-N,O=C1NC(c2ccc([N+](=O)[O-])s2)Nc2ccccc21,1
CMP:UCTPNCITVKAWEJ-UHFFFAOYSA-N,UCTPNCITVKAWEJ-UHFFFAOYSA-N,CC(C)=NNc1nc(-c2ccc([N+](=O)[O-])o2)cs1,1
CMP:UEALKTCRMBVTFN-UHFFFAOYSA-N,UEALKTCRMBVTFN-UHFFFAOYSA-N,Nc1cc([N+](=O)[O-])ccc1C(=O)O,0
CMP:UEDUENGHJMELGK-HYDKPPNVSA-N,UEDUENGHJMELGK-HYDKPPNVSA-N,C=C1C[C@@]23CC[C@H]4[C@@](C)(CCC[C@@]4(C)C(=O)O[C@@H]4O[C@H](CO)[C@@H](O)[C@H](O)[C@H]4O)[C@@H]2CC[C@]1(O[C@@H]1O[C@H](CO)[C@@H](O)[C@H](O)[C@H]1O[C@@H]1O[C@H](CO)[C@@H](O)[C@H](O)[C@H]1O)C3,0
CMP:UEEJHVSXFDXPFK-UHFFFAOYSA-N,UEEJHVSXFDXPFK-UHFFFAOYSA-N,CN(C)CCO,0
CMP:UEKQGZQLUMSLNW-UHFFFAOYSA-N,UEKQGZQLUMSLNW-UHFFFAOYSA-N,CCCOC(=O)C1c2cc3c(cc2CC(C)C1C(=O)OCCC)OCO3,0
CMP:UHOVQNZJYSORNB-UHFFFAOYSA-N,UHOVQNZJYSORNB-UHFFFAOYSA-N,c1ccccc1,1
CMP:UJOBWOGCFQCDNV-UHFFFAOYSA-N,UJOBWOGCFQCDNV-UHFFFAOYSA-N,c1ccc2c(c1)[nH]c1ccccc12,1
CMP:ULXKXLZEOGLCRJ-BYPYZUCNSA-N,ULXKXLZEOGLCRJ-BYPYZUCNSA-N,CCSC[C@H](N)C(=O)O,0
CMP:UNISKOOZAQCSPC-KWVAZRHASA-N,UNISKOOZAQCSPC-KWVAZRHASA-N,CCCC1O[C@@H]2C[C@H]3[C@@H]4CC=C5CC(=O)C=C[C@]5(C)[C@H]4[C@@H](O)C[C@]3(C)[C@]2(C(=O)CO)O1,1
CMP:UOCLXMDMGBRAIB-UHFFFAOYSA-N,UOCLXMDMGBRAIB-UHFFFAOYSA-N,CC(Cl)(Cl)Cl,0
CMP:UQMRAFJOBWOFNS-UHFFFAOYSA-N,UQMRAFJOBWOFNS-UHFFFAOYSA-N,CCCCOC(=O)COc1ccc(Cl)cc1Cl,0
CMP:USZDDJLVNDSPSY-UHFFFAOYSA-N,USZDDJLVNDSPSY-UHFFFAOYSA-N,O=NN(CCCC(F)(F)F)CCCC(F)(F)F,1
CMP:UTGQNNCQYDRXCH-UHFFFAOYSA-N,UTGQNNCQYDRXCH-UHFFFAOYSA-N,c1ccc(Nc2ccc(Nc3ccccc3)cc2)cc1,0
CMP:UTMWFJSRHLYRPY-UHFFFAOYSA-N,UTMWFJSRHLYRPY-UHFFFAOYSA-N,Clc1cc(Cl)cc(-c2cc(Cl)cc(Cl)c2)c1,0
CMP:UTSVPXMQSFGQTM-DCXZOGHSSA-N,UTSVPXMQSFGQTM-DCXZOGHSSA-N,COc1cc2c(c3oc4cccc(O)c4c(=O)c13)[C@@H]1C=CO[C@@H]1O2,1
CMP:UWPBQLKEHGGKKD-GZTJUZNOSA-N,UWPBQLKEHGGKKD-GZTJUZNOSA-N,O=C(O)CCCC/C=C(\c1ccccc1)c1cccnc1,0
CMP:UWSDONTXWQOZFN-UHFFFAOYSA-N,UWSDONTXWQOZFN-UHFFFAOYSA-N,O=NN1CCCCC1,1
CMP:UZMVSVHUTOAPTD-UHFFFAOYSA-N,UZMVSVHUTOAPTD-UHFFFAOYSA-N,O=NN1CCCCCC1,1
CMP:VBKKVDGJXVOLNE-UHFFFAOYSA-N,VBKKVDGJXVOLNE-UHFFFAOYSA-N,CCOP(=S)(OCC)SC1OCCOC1SP(=S)(OCC)OCC,0
CMP:VCBRBUKGTWLJOB-UHFFFAOYSA-N,VCBRBUKGTWLJOB-UHFFFAOYSA-N,C=C(C)C(=O)Nc1ccc(Cl)c(Cl)c1,0
CMP:VETPHHXZEJAYOB-UHFFFAOYSA-N,VETPHHXZEJAYOB-UHFFFAOYSA-N,c1ccc2cc(Nc3ccc(Nc4ccc5ccccc5c4)cc3)ccc2c1,0
CMP:VEZXCJBBBCKRPI-UHFFFAOYSA-N,VEZXCJBBBCKRPI-UHFFFAOYSA-N,O=C1CCO1,1
CMP:VFKZTMPDYBFSTM-GUCUJZIJSA-N,VFKZTMPDYBFSTM-GUCUJZIJSA-N,O[C@H]([C@H](O)[C@@H](O)CBr)[C@H](O)CBr,1
CMP:VFLDPWHFBUODDF-UHFFFAOYSA-N,VFLDPWHFBUODDF-UHFFFAOYSA-N,COc1cc(C=CC(=O)CC(=O)C=Cc2ccc(O)c(OC)c2)ccc1O,0
CMP:VFQXVTODMYMSMJ-UHFFFAOYSA-N,VFQXVTODMYMSMJ-UHFFFAOYSA-N,NC(=O)c1ccncc1,0
CMP:VFWCMGCRMGJXDK-UHFFFAOYSA-N,VFWCMGCRMGJXDK-UHFFFAOYSA-N,CCCCCl,0
CMP:VGNMVQBFGJATJZ-UHFFFAOYSA-N,VGNMVQBFGJATJZ-UHFFFAOYSA-N,CN(N=O)C1=Nc2ccc(Cl)cc2C(c2ccccc2)=[N+]([O-])C1,0
CMP:VHNPZOQVSSWOJZ-UHFFFAOYSA-N,VHNPZOQVSSWOJZ-UHFFFAOYSA-N,CC1CN(N=O)C(=O)NC1=O,0
CMP:VJNWEQGIPZMBMA-UHFFFAOYSA-N,VJNWEQGIPZMBMA-UHFFFAOYSA-N,S=C=NCCCCCCc1ccccc1,0
CMP:VKYKSIONXSXAKP-UHFFFAOYSA-N,VKYKSIONXSXAKP-UHFFFAOYSA-N,C1N2CN3CN1CN(C2)C3,0
CMP:VLCYCQAOQCDTCN-UHFFFAOYSA-N,VLCYCQAOQCDTCN-UHFFFAOYSA-N,NCCCC(N)(C(=O)O)C(F)F,0
CMP:VLPFTAMPNXLGLX-UHFFFAOYSA-N,VLPFTAMPNXLGLX-UHFFFAOYSA-N,CCCCCCCC(=O)OCC(COC(=O)CCCCCCC)OC(=O)CCCCCCC,0
CMP:VLZVIIYRNMWPSN-UHFFFAOYSA-N,VLZVIIYRNMWPSN-UHFFFAOYSA-N,Nc1cc([N+](=O)[O-])ccc1O,0
CMP:VMMDOCYDNRLESP-UHFFFAOYSA-N,VMMDOCYDNRLESP-UHFFFAOYSA-N,CC(=O)Nc1ccc(C(=O)CCl)cc1,0
CMP:VMUXSMXIQBNMGZ-UHFFFAOYSA-N,VMUXSMXIQBNMGZ-UHFFFAOYSA-N,O=C1CCc2ccccc2O1,0
CMP:VNYKETBBOXBLET-UHFFFAOYSA-N,VNYKETBBOXBLET-UHFFFAOYSA-N,CCN(CC)C(=S)S[Se](SC(=S)N(CC)CC)(SC(=S)N(CC)CC)SC(=S)N(CC)CC,1
CMP:VOJLELRQLPENHL-UHFFFAOYSA-N,VOJLELRQLPENHL-UHFFFAOYSA-N,O=C1C(O)N=C(c2ccccc2F)c2cc(Cl)ccc2N1CCO,0
CMP:VONWDASPFIQPDY-UHFFFAOYSA-N,VONWDASPFIQPDY-UHFFFAOYSA-N,COP(C)(=O)OC,0
CMP:VOPWNXZWBYDODV-UHFFFAOYSA-N,VOPWNXZWBYDODV-UHFFFAOYSA-N,FC(F)Cl,0
CMP:VQTUBCCKSQIDNK-UHFFFAOYSA-N,VQTUBCCKSQIDNK-UHFFFAOYSA-N,C=C(C)C,0
CMP:VTIICEULKUFPJJ-UHFFFAOYSA-N,VTIICEULKUFPJJ-UHFFFAOYSA-N,Oc1c2c(c(O)n1SC(Cl)(Cl)C(Cl)Cl)CC=CC2,1
CMP:VTLNPNNUIJHJQB-UHFFFAOYSA-N,VTLNPNNUIJHJQB-UHFFFAOYSA-N,Cn1nc(CO)nc1NCCCOc1cccc(CN2CCCCC2)c1,1
CMP:VTOUNUQLXMNNMQ-UHFFFAOYSA-N,VTOUNUQLXMNNMQ-UHFFFAOYSA-N,NNc1nc(-c2ccccc2)cs1,0
CMP:VTWQUFUBSCXPOW-UHFFFAOYSA-N,VTWQUFUBSCXPOW-UHFFFAOYSA-N,Nc1nnc(-c2ccc([N+](=O)[O-])o2)o1,1
CMP:VUNCWTMEJYMOOR-UHFFFAOYSA-N,VUNCWTMEJYMOOR-UHFFFAOYSA-N,ClC1=C(Cl)C(Cl)(Cl)C(Cl)=C1Cl,0
CMP:VVBJNJFYBCLUAH-UHFFFAOYSA-N,VVBJNJFYBCLUAH-UHFFFAOYSA-N,C=CC(O)c1ccc2c(c1)OCO2,1
CMP:VVBLNCFGVYUYGU-UHFFFAOYSA-N,VVBLNCFGVYUYGU-UHFFFAOYSA-N,CN(C)c1ccc(C(=O)c2ccc(N(C)C)cc2)cc1,1
CMP:VVJKKKDJADMKNM-UHFFFAOYSA-N,VVJKKKDJADMKNM-UHFFFAOYSA-N,CCN(Cc1cccc(S(=O)(=O)O)c1)c1ccc(C(=C2C=CC(=[N+](CC)Cc3cccc(S(=O)(=O)O)c3)C=C2)c2ccc(O)cc2S(=O)(=O)[O-])cc1,0
CMP:VVQNEPGJFQJSBK-UHFFFAOYSA-N,VVQNEPGJFQJSBK-UHFFFAOYSA-N,C=C(C)C(=O)OC,0
CMP:VXPLXMJHHKHSOA-UHFFFAOYSA-N,VXPLXMJHHKHSOA-UHFFFAOYSA-N,CC(C)OC(=O)Nc1ccccc1,0
CMP:VYGQUTWHTHXGQB-FFHKNEKCSA-N,VYGQUTWHTHXGQB-FFHKNEKCSA-N,CCCCCCCCCCCCCCCC(=O)OC/C=C(C)/C=C/C=C(C)/C=C/C1=C(C)CCCC1(C)C,0
CMP:VYQNWZOUAUKGHI-UHFFFAOYSA-N,VYQNWZOUAUKGHI-UHFFFAOYSA-N,Oc1ccc(OCc2ccccc2)cc1,0
CMP:VYTOCZMQXCNIPD-UHFFFAOYSA-N,VYTOCZMQXCNIPD-UHFFFAOYSA-N,Brc1cc(Br)c2cccnc2c1,0
CMP:VYZAHLCBVHPDDF-UHFFFAOYSA-N,VYZAHLCBVHPDDF-UHFFFAOYSA-N,O=[N+]([O-])c1ccc(Cl)c([N+](=O)[O-])c1,0
CMP:VZGDMQKNWNREIO-UHFFFAOYSA-N,VZGDMQKNWNREIO-UHFFFAOYSA-N,ClC(Cl)(Cl)Cl,1
CMP:WAPNOHKVXSQRPX-UHFFFAOYSA-N,WAPNOHKVXSQRPX-UHFFFAOYSA-N,CC(O)c1ccccc1,0
CMP:WBBDVRPSJSJSPC-UHFFFAOYSA-N,WBBDVRPSJSJSPC-UHFFFAOYSA-N,C=CCN(N=O)C(N)=O,1
CMP:WBLZUCOIBUDNBV-UHFFFAOYSA-N,WBLZUCOIBUDNBV-UHFFFAOYSA-N,O=C(O)CC[N+](=O)[O-],0
CMP:WBNQDOYYEUMPFS-UHFFFAOYSA-N,WBNQDOYYEUMPFS-UHFFFAOYSA-N,CCN(CC)N=O,1
CMP:WDAHFRFQQRIZTK-UHFFFAOYSA-N,WDAHFRFQQRIZTK-UHFFFAOYSA-N,CN(C)CCN(C)N=O,1
CMP:WECDUOXQLAIPQW-UHFFFAOYSA-N,WECDUOXQLAIPQW-UHFFFAOYSA-N,Cc1cc(Cc2ccc(N)c(C)c2)ccc1N,1
CMP:WFJIVOKAWHGMBH-UHFFFAOYSA-N,WFJIVOKAWHGMBH-UHFFFAOYSA-N,CCCCCCc1ccc(O)cc1O,0
CMP:WFJRIDQGVSJLLH-UHFFFAOYSA-N,WFJRIDQGVSJLLH-UHFFFAOYSA-N,COC(=O)NN,0
CMP:WHGYBXFWUBPSRW-FOUAGVGXSA-N,WHGYBXFWUBPSRW-FOUAGVGXSA-N,OC[C@H]1O[C@@H]2O[C@H]3[C@H](O)[C@@H](O)[C@@H](O[C@H]4[C@H](O)[C@@H](O)[C@@H](O[C@H]5[C@H](O)[C@@H](O)[C@@H](O[C@H]6[C@H](O)[C@@H](O)[C@@H](O[C@H]7[C@H](O)[C@@H](O)[C@@H](O[C@H]8[C@H](O)[C@@H](O)[C@@H](O[C@H]1[C@H](O)[C@H]2O)O[C@@H]8CO)O[C@@H]7CO)O[C@@H]6CO)O[C@@H]5CO)O[C@@H]4CO)O[C@@H]3CO,0
CMP:WHHGLZMJPXIBIX-UHFFFAOYSA-N,WHHGLZMJPXIBIX-UHFFFAOYSA-N,Brc1c(Br)c(Br)c(Oc2c(Br)c(Br)c(Br)c(Br)c2Br)c(Br)c1Br,0
CMP:WHIVNJATOVLWBW-UHFFFAOYSA-N,WHIVNJATOVLWBW-UHFFFAOYSA-N,CCC(C)=NO,1
CMP:WHKUVVPPKQRRBV-UHFFFAOYSA-N,WHKUVVPPKQRRBV-UHFFFAOYSA-N,Cc1cc(Cl)ccc1OCC(=O)O,0
CMP:WHNWPMSKXPGLAX-UHFFFAOYSA-N,WHNWPMSKXPGLAX-UHFFFAOYSA-N,C=CN1CCCC1=O,1
CMP:WHOKDONDRZNCBC-UHFFFAOYSA-N,WHOKDONDRZNCBC-UHFFFAOYSA-N,CC(C)OC(=O)COc1ccc(Cl)cc1Cl,0
CMP:WHUUTDBJXJRKMK-VKHMYHEASA-N,WHUUTDBJXJRKMK-VKHMYHEASA-N,N[C@@H](CCC(=O)O)C(=O)O,0
CMP:WIIZWVCIJKGZOK-RKDXNWHRSA-N,WIIZWVCIJKGZOK-RKDXNWHRSA-N,O=C(N[C@H](CO)[C@H](O)c1ccc([N+](=O)[O-])cc1)C(Cl)Cl,0
CMP:WJCNZQLZVWNLKY-UHFFFAOYSA-N,WJCNZQLZVWNLKY-UHFFFAOYSA-N,c1ccc2[nH]c(-c3cscn3)nc2c1,0
CMP:WJDNMDMNPIKDCP-UHFFFAOYSA-N,WJDNMDMNPIKDCP-UHFFFAOYSA-N,CN(N=O)c1ccccn1,1
CMP:WJFKNYWRSNBZNX-UHFFFAOYSA-N,WJFKNYWRSNBZNX-UHFFFAOYSA-N,c1ccc2c(c1)Nc1ccccc1S2,0
CMP:WJNRPILHGGKWCK-UHFFFAOYSA-N,WJNRPILHGGKWCK-UHFFFAOYSA-N,CC(C)Nc1nc(Cl)nc(NC(C)C)n1,0
CMP:WJYIASZWHGOTOU-UHFFFAOYSA-N,WJYIASZWHGOTOU-UHFFFAOYSA-N,CCCCCCCN,0
CMP:WKIPQMJEBCEACS-UHFFFAOYSA-N,WKIPQMJEBCEACS-UHFFFAOYSA-N,NC(=NO)c1ccc([N+](=O)[O-])o1,0
CMP:WNSYEWGYAFFSSQ-UHFFFAOYSA-N,WNSYEWGYAFFSSQ-UHFFFAOYSA-N,O=NN1CCN(N=O)CC1,1
CMP:WNTRMRXAGJOLCU-UHFFFAOYSA-N,WNTRMRXAGJOLCU-UHFFFAOYSA-N,O=C1OC(O)C(C(Cl)Cl)=C1Cl,1
CMP:WNYADZVDBIBLJJ-UHFFFAOYSA-N,WNYADZVDBIBLJJ-UHFFFAOYSA-N,O=NN1CCCC1,1
CMP:WOEOEFXOZUBXMR-UHFFFAOYSA-N,WOEOEFXOZUBXMR-UHFFFAOYSA-N,CCNC(=O)N(CCO)N=O,1
CMP:WOJBAMBWWYIQHQ-QWPQFENESA-N,WOJBAMBWWYIQHQ-QWPQFENESA-N,C=c1c(N)c(O)c2c(c1O)N1C[C@@H]3N[C@@H]3[C@]1(OC)C=2COC(N)=O,1
CMP:WOZVHXUHUFLZGK-UHFFFAOYSA-N,WOZVHXUHUFLZGK-UHFFFAOYSA-N,COC(=O)c1ccc(C(=O)OC)cc1,0
CMP:WPYMKLBDIGXBTP-UHFFFAOYSA-N,WPYMKLBDIGXBTP-UHFFFAOYSA-N,O=C(O)c1ccccc1,0
CMP:WSORODGWGUUOBO-UHFFFAOYSA-N,WSORODGWGUUOBO-UHFFFAOYSA-N,CCOC(=O)CC(SP(=O)(OC)OC)C(=O)OCC,0
CMP:WSWCOQWTEOXDQX-UHFFFAOYSA-N,WSWCOQWTEOXDQX-UHFFFAOYSA-N,CC=CC=CC(=O)O,0
CMP:WTEVQBCEXWBHNA-UHFFFAOYSA-N,WTEVQBCEXWBHNA-UHFFFAOYSA-N,CC(C)=CCCC(C)=CC=O,0
CMP:WTTJVINHCBCLGX-NQLNTKRDSA-N,WTTJVINHCBCLGX-NQLNTKRDSA-N,CCCCC/C=C\C/C=C\CCCCCCCC(=O)OC,0
CMP:WVDDGKGOMKODPV-UHFFFAOYSA-N,WVDDGKGOMKODPV-UHFFFAOYSA-N,OCc1ccccc1,0
CMP:WWBBEXJQOOTEIL-GDVMHIJESA-N,WWBBEXJQOOTEIL-GDVMHIJESA-N,CCCCCC(/C=C/C=C\CCCCCCCC(=O)OC)OO,0
CMP:WWXBHTZSYYGCSG-UHFFFAOYSA-N,WWXBHTZSYYGCSG-UHFFFAOYSA-N,NC(=O)Nc1ccc([As](=O)(O)O)cc1,0
CMP:WXWCDTXEKCVRRO-UHFFFAOYSA-N,WXWCDTXEKCVRRO-UHFFFAOYSA-N,COc1ccc(C)cc1N,1
CMP:WYIWLDSPNDMZIT-IRWWLHRVSA-N,WYIWLDSPNDMZIT-IRWWLHRVSA-N,COc1cc2c(c3oc(=O)c4c(c13)CC[C@@H]4O)[C@@H]1C=CO[C@@H]1O2,1
CMP:WZCQRUWWHSTZEM-UHFFFAOYSA-N,WZCQRUWWHSTZEM-UHFFFAOYSA-N,Nc1cccc(N)c1,0
CMP:WZHUJOMADVNYDA-UHFFFAOYSA-N,WZHUJOMADVNYDA-UHFFFAOYSA-N,CC(=O)C(=NNc1ccc(-c2ccc(NN=C(C(C)=O)C(=O)Nc3ccccc3)c(Cl)c2)cc1Cl)C(=O)Nc1ccccc1,0
CMP:WZUVPPKBWHMQCE-XJKSGUPXSA-N,WZUVPPKBWHMQCE-XJKSGUPXSA-N,Oc1cc2c(cc1O)[C@@H]1c3ccc(O)c(O)c3OC[C@]1(O)C2,1
CMP:WZXZCWIUJRKDJF-ROVUYSIBSA-N,WZXZCWIUJRKDJF-ROVUYSIBSA-N,CC(=O)O[C@]1(C(C)=O)CC[C@H]2C3=CC(Cl)=C4CC(=O)[C@@H]5C[C@@H]5[C@]4(C)[C@H]3CC[C@@]21C,1
CMP:XDZKGLWJXJTZJZ-UHFFFAOYSA-N,XDZKGLWJXJTZJZ-UHFFFAOYSA-N,O=NN1CCC(O)C1,1
CMP:XEMRAKSQROQPBR-UHFFFAOYSA-N,XEMRAKSQROQPBR-UHFFFAOYSA-N,ClC(Cl)(Cl)c1ccccc1,1
CMP:XFNJVKMNNVCYEK-UHFFFAOYSA-N,XFNJVKMNNVCYEK-UHFFFAOYSA-N,NC(=O)Cc1cccc2ccccc12,0
CMP:XJCLWVXTCRQIDI-UHFFFAOYSA-N,XJCLWVXTCRQIDI-UHFFFAOYSA-N,C=C(Cl)CSC(=S)N(CC)CC,1
CMP:XJUZRXYOEPSWMB-UHFFFAOYSA-N,XJUZRXYOEPSWMB-UHFFFAOYSA-N,COCCl,1
CMP:XKABJYQDMJTNGQ-UHFFFAOYSA-N,XKABJYQDMJTNGQ-UHFFFAOYSA-N,O=NN1CCCC1c1cccnc1,1
CMP:XMWRWTSZNLOZFN-UHFFFAOYSA-N,XMWRWTSZNLOZFN-UHFFFAOYSA-N,Cc1c([N+](=O)[O-])c(C)c([N+](=O)[O-])c(C(C)(C)C)c1[N+](=O)[O-],1
CMP:XOAAWQZATWQOTB-UHFFFAOYSA-N,XOAAWQZATWQOTB-UHFFFAOYSA-N,NCCS(=O)(=O)O,0
CMP:XOFYZVNMUHMLCC-ZPOLXVRWSA-N,XOFYZVNMUHMLCC-ZPOLXVRWSA-N,C[C@]12C=CC(=O)C=C1CC[C@@H]1[C@@H]2C(=O)C[C@@]2(C)[C@H]1CC[C@]2(O)C(=O)CO,0
CMP:XPAQFJJCWGSXGJ-UHFFFAOYSA-N,XPAQFJJCWGSXGJ-UHFFFAOYSA-N,Nc1ccc(NC(=O)c2ccc(N)cc2)cc1,0
CMP:XPFVYQJUAUNWIW-UHFFFAOYSA-N,XPFVYQJUAUNWIW-UHFFFAOYSA-N,OCc1ccco1,0
CMP:XPHPBNGAXWJHHP-UHFFFAOYSA-N,XPHPBNGAXWJHHP-UHFFFAOYSA-N,O=C(Nc1ccc2c(c1)Cc1ccccc1-2)C(F)(F)F,1
CMP:XRWKADIRZXTTLH-UHFFFAOYSA-N,XRWKADIRZXTTLH-UHFFFAOYSA-N,CN(C)[N+](=O)[O-],1
CMP:XSQUKJJJFZCRTK-UHFFFAOYSA-N,XSQUKJJJFZCRTK-UHFFFAOYSA-N,NC(N)=O,0
CMP:XSTXAVWGXDQKEL-UHFFFAOYSA-N,XSTXAVWGXDQKEL-UHFFFAOYSA-N,ClC=C(Cl)Cl,0
CMP:XTXRWKRVRITETP-UHFFFAOYSA-N,XTXRWKRVRITETP-UHFFFAOYSA-N,C=COC(C)=O,1
CMP:XUCNUKMRBVNAPB-UHFFFAOYSA-N,XUCNUKMRBVNAPB-UHFFFAOYSA-N,C=CF,1
CMP:XWCDCDSDNJVCLO-UHFFFAOYSA-N,XWCDCDSDNJVCLO-UHFFFAOYSA-N,FCCl,1
CMP:XWRBMHSLXKNRJX-UHFFFAOYSA-N,XWRBMHSLXKNRJX-UHFFFAOYSA-N,C=Cc1cccc[n+]1[O-],0
CMP:XWTYSIMOBUGWOL-UHFFFAOYSA-N,XWTYSIMOBUGWOL-UHFFFAOYSA-N,CC(C)(C)NCC(O)c1cc(O)cc(O)c1,1
CMP:XZBIXDPGRMLSTC-UHFFFAOYSA-N,XZBIXDPGRMLSTC-UHFFFAOYSA-N,NNC=O,1
CMP:YACLQRRMGMJLJV-UHFFFAOYSA-N,YACLQRRMGMJLJV-UHFFFAOYSA-N,C=CC(=C)Cl,1
CMP:YADVRLOQIWILGX-MIWLTHJTSA-N,YADVRLOQIWILGX-MIWLTHJTSA-N,C/C1=C\C=C(\C(C)C)[C@@H](O)C/C(C)=C/CC/C(C)=C/CC1,0
CMP:YAMHXTCMCPHKLN-UHFFFAOYSA-N,YAMHXTCMCPHKLN-UHFFFAOYSA-N,O=C1NCCN1,0
CMP:YEBAWWHAYLCCGQ-SSDOTTSWSA-N,YEBAWWHAYLCCGQ-SSDOTTSWSA-N,CC1=c2c(C)c(O)c(C(=O)O)c(O)c2=CO[C@@H]1C,1
CMP:YEJRWHAVMIAJKC-UHFFFAOYSA-N,YEJRWHAVMIAJKC-UHFFFAOYSA-N,O=C1CCCO1,0
CMP:YGCFIWIQZPHFLU-UHFFFAOYSA-N,YGCFIWIQZPHFLU-UHFFFAOYSA-N,CC1=CC(=O)NS(=O)(=O)O1,0
CMP:YGCOKJWKWLYHTG-UHFFFAOYSA-N,YGCOKJWKWLYHTG-UHFFFAOYSA-N,OCN(CO)c1nc(N(CO)CO)nc(N(CO)CO)n1,1
CMP:YGGSSUISOYLCBF-UHFFFAOYSA-N,YGGSSUISOYLCBF-UHFFFAOYSA-N,CCCN(N=O)C(N)=O,1
CMP:YGJHZCLPZAZIHH-UHFFFAOYSA-N,YGJHZCLPZAZIHH-UHFFFAOYSA-N,CCCCN(CCCC)N=O,1
CMP:YGLMVCVJLXREAK-UHFFFAOYSA-N,YGLMVCVJLXREAK-UHFFFAOYSA-N,CN(C)C(=O)NC1CC2CC1C1CCCC21,0
CMP:YGNXYFLJZILPEK-UHFFFAOYSA-N,YGNXYFLJZILPEK-UHFFFAOYSA-N,ON=C1CCCC1,1
CMP:YIIMEMSDCNDGTB-UHFFFAOYSA-N,YIIMEMSDCNDGTB-UHFFFAOYSA-N,CN(C)C(=O)Cl,1
CMP:YJZOIBYRKVITQF-BYYJOMOJSA-N,YJZOIBYRKVITQF-BYYJOMOJSA-N,CC1C[C@H]2O[C@@H]3[C@H](O)[C@@H](O)[C@@](C)([C@]34CO4)[C@@]2(CO)C(=O)C1=O,0
CMP:YLKFDHTUAUWZPQ-UHFFFAOYSA-N,YLKFDHTUAUWZPQ-UHFFFAOYSA-N,CCCN(CCC)N=O,1
CMP:YLQBMQCUIZJEEH-UHFFFAOYSA-N,YLQBMQCUIZJEEH-UHFFFAOYSA-N,c1ccoc1,1
CMP:YNEVBPNZHBAYOA-UHFFFAOYSA-N,YNEVBPNZHBAYOA-UHFFFAOYSA-N,CNC(=O)Oc1cc(C)c(N(C)C)c(C)c1,0
CMP:YNMIXGFEAKDKFG-UHFFFAOYSA-N,YNMIXGFEAKDKFG-UHFFFAOYSA-N,COc1cc(NC(=O)C(=NNc2ccc(-c3ccc(NN=C(C(C)=O)C(=O)Nc4cc(OC)c(Cl)cc4OC)c(Cl)c3)cc2Cl)C(C)=O)c(OC)cc1Cl,0
CMP:YNQLUTRBYVCPMQ-UHFFFAOYSA-N,YNQLUTRBYVCPMQ-UHFFFAOYSA-N,CCc1ccccc1,1
CMP:YNVGQYHLRCDXFQ-XGXHKTLJSA-N,YNVGQYHLRCDXFQ-XGXHKTLJSA-N,C#C[C@]1(O)CC[C@H]2[C@@H]3CCC4=CCCC[C@@H]4[C@H]3CC[C@@]21C,1
CMP:YQUVCSBJEUQKSH-UHFFFAOYSA-N,YQUVCSBJEUQKSH-UHFFFAOYSA-N,O=C(O)c1ccc(O)c(O)c1,0
CMP:YUEXLPFBTMPXCY-UHFFFAOYSA-N,YUEXLPFBTMPXCY-UHFFFAOYSA-N,O=NN(CC(F)(F)F)CC(F)(F)F,0
CMP:YVPLYHWVALRLFV-UHFFFAOYSA-N,YVPLYHWVALRLFV-UHFFFAOYSA-N,Cc1csc(NNC=O)n1,1
CMP:YVZACCLFRNQBNO-UHFFFAOYSA-N,YVZACCLFRNQBNO-UHFFFAOYSA-N,CCCCCNN,1
CMP:YXIWHUQXZSMYRE-UHFFFAOYSA-N,YXIWHUQXZSMYRE-UHFFFAOYSA-N,S=c1[nH]c2ccccc2s1,0
CMP:YXVJNOXXPKIWIM-UHFFFAOYSA-N,YXVJNOXXPKIWIM-UHFFFAOYSA-N,CC(O)CN(CCO)N=O,1
CMP:YYTSGNJTASLUOY-UHFFFAOYSA-N,YYTSGNJTASLUOY-UHFFFAOYSA-N,CC(O)CCl,0
CMP:YYYARFHFWYKNLF-UHFFFAOYSA-N,YYYARFHFWYKNLF-UHFFFAOYSA-N,Cc1ccc(N=Nc2c(O)c(S(=O)(=O)O)cc3cc(S(=O)(=O)O)ccc23)c(C)c1,1
CMP:ZAKOWWREFLAJOT-UHFFFAOYSA-N,ZAKOWWREFLAJOT-UHFFFAOYSA-N,CC(=O)Oc1c(C)c(C)c2c(c1C)CCC(C)(CCCC(C)CCCC(C)CCCC(C)C)O2,0
CMP:ZAVLMIGIVYJYMU-UHFFFAOYSA-N,ZAVLMIGIVYJYMU-UHFFFAOYSA-N,Nc1nc(-c2ccc([N+](=O)[O-])o2)cs1,1
CMP:ZBCATMYQYDCTIZ-UHFFFAOYSA-N,ZBCATMYQYDCTIZ-UHFFFAOYSA-N,Cc1ccc(O)c(O)c1,1
CMP:ZFIVKAOQEXOYFY-QWWZWVQMSA-N,ZFIVKAOQEXOYFY-QWWZWVQMSA-N,C1O[C@H]1[C@H]1CO1,0
CMP:ZFMSMUAANRJZFM-UHFFFAOYSA-N,ZFMSMUAANRJZFM-UHFFFAOYSA-N,C=CCc1ccc(OC)cc1,1
CMP:ZFXYFBGIUFBOJW-UHFFFAOYSA-N,ZFXYFBGIUFBOJW-UHFFFAOYSA-N,Cn1c(=O)c2[nH]cnc2n(C)c1=O,0
CMP:ZINRVIQBCHAZMM-UHFFFAOYSA-N,ZINRVIQBCHAZMM-UHFFFAOYSA-N,Nc1c(Br)cc(Br)c2c1C(=O)c1ccccc1C2=O,1
CMP:ZKXDGKXYMTYWTB-UHFFFAOYSA-N,ZKXDGKXYMTYWTB-UHFFFAOYSA-N,O=NN1CCOCC1,1
CMP:ZLFVRXUOSPRRKQ-UHFFFAOYSA-N,ZLFVRXUOSPRRKQ-UHFFFAOYSA-N,Cc1ccc(N=Nc2c(O)ccc3ccccc23)c([N+](=O)[O-])c1,0
CMP:ZLHNYIHIHQEHJQ-UHFFFAOYSA-N,ZLHNYIHIHQEHJQ-UHFFFAOYSA-N,CC(=O)NNC(C)=O,0
CMP:ZMJOVJSTYLQINE-UHFFFAOYSA-N,ZMJOVJSTYLQINE-UHFFFAOYSA-N,ClC#CCl,1
CMP:ZMQAAUBTXCXRIC-UHFFFAOYSA-N,ZMQAAUBTXCXRIC-UHFFFAOYSA-N,C=CCc1ccc2c(c1)OCO2,1
CMP:ZMXDDKWLCZADIW-UHFFFAOYSA-N,ZMXDDKWLCZADIW-UHFFFAOYSA-N,CN(C)C=O,0
CMP:ZNEBZIJCDDCNRC-SWTLDUCYSA-N,ZNEBZIJCDDCNRC-SWTLDUCYSA-N,CC(=O)OC[C@H]1O[C@@](COC(=O)C(C)C)(O[C@H]2O[C@H](COC(C)=O)[C@@H](OC(=O)C(C)C)[C@H](OC(=O)C(C)C)[C@H]2OC(=O)C(C)C)[C@@H](OC(=O)C(C)C)[C@@H]1OC(=O)C(C)C,0
CMP:ZNSMNVMLTJELDZ-UHFFFAOYSA-N,ZNSMNVMLTJELDZ-UHFFFAOYSA-N,ClCCOCCCl,1
CMP:ZOJPXCPZDSRIKP-UHFFFAOYSA-N,ZOJPXCPZDSRIKP-UHFFFAOYSA-N,NNc1nc(-c2ccc([N+](=O)[O-])cc2)cs1,1
CMP:ZOMSMJKLGFBRBS-UHFFFAOYSA-N,ZOMSMJKLGFBRBS-UHFFFAOYSA-N,CC(C)N1C(=O)c2ccccc2NS1(=O)=O,0
CMP:ZQBWQLJJMGJREB-UHFFFAOYSA-N,ZQBWQLJJMGJREB-UHFFFAOYSA-N,O=CNc1nc(-c2ccc([N+](=O)[O-])o2)cs1,1
CMP:ZQPPMHVWECSIRJ-KTKRTIGZSA-N,ZQPPMHVWECSIRJ-KTKRTIGZSA-N,CCCCCCCC/C=C\CCCCCCCC(=O)O,0
CMP:ZRKWMRDKSOPRRS-UHFFFAOYSA-N,ZRKWMRDKSOPRRS-UHFFFAOYSA-N,CN(N=O)C(N)=O,1
CMP:ZRVIKNOBHVPYAM-UHFFFAOYSA-N,ZRVIKNOBHVPYAM-UHFFFAOYSA-N,O=NN(CCO)CC(O)CO,1
CMP:ZRWPUFFVAOMMNM-UHFFFAOYSA-N,ZRWPUFFVAOMMNM-UHFFFAOYSA-N,O=C1C=C2C(=CCOC2O)O1,0
CMP:ZSDSQXJSNMTJDA-UHFFFAOYSA-N,ZSDSQXJSNMTJDA-UHFFFAOYSA-N,CCCN(CCC)c1c([N+](=O)[O-])cc(C(F)(F)F)cc1[N+](=O)[O-],0
CMP:ZTHYODDOHIVTJV-UHFFFAOYSA-N,ZTHYODDOHIVTJV-UHFFFAOYSA-N,CCCOC(=O)c1cc(O)c(O)c(O)c1,0
CMP:ZUOUZKKEUPVFJK-UHFFFAOYSA-N,ZUOUZKKEUPVFJK-UHFFFAOYSA-N,c1ccc(-c2ccccc2)cc1,0
CMP:ZUXJWNFAYDAZJB-UHFFFAOYSA-N,ZUXJWNFAYDAZJB-UHFFFAOYSA-N,O=NN(CCO)C(=O)NCCCl,1
CMP:ZYEMGPIYFIJGTP-UHFFFAOYSA-N,ZYEMGPIYFIJGTP-UHFFFAOYSA-N,C=CCc1ccc(OC)c(OC)c1,1
